Student_ID,Study_Hours_Per_Day,Class_Responsive_Rate,Participation_In_Extra_Classes,Student_Assessment_Rate,Sleep_Hours_Per_Day,Screen_Time_Per_Day,Stress_Level,Parental_Involvement,CGPA
S0001,1.8,87.5,Yes,66.6,7.6,6.5,5,Low,2.34
S0002,3.1,62.6,Yes,88.9,8.5,3.9,8,High,2.76
S0003,6.0,62.0,Yes,68.0,5.4,3.5,5,Medium,2.36
S0004,1.4,56.8,No,72.2,6.9,5.8,2,High,2.2
S0005,4.4,94.1,No,73.9,7.2,3.8,9,Low,2.39
S0006,4.5,93.9,Yes,88.0,5.6,4.7,3,High,3.16
S0007,5.7,89.3,No,88.0,5.3,6.1,10,Medium,2.69
S0008,1.3,98.0,Yes,59.7,8.5,7.6,1,Medium,2.46
S0009,1.0,86.6,Yes,57.2,4.9,5.7,8,High,2.24
S0010,4.9,77.0,No,52.5,6.4,7.0,6,Medium,2.0
S0011,1.9,78.0,No,88.2,7.7,6.5,5,High,2.68
S0012,5.2,60.6,No,68.9,6.3,8.0,9,Low,2.0
S0013,5.1,62.9,Yes,93.0,6.3,4.8,5,High,2.93
S0014,4.3,66.6,Yes,85.9,5.4,4.6,1,Medium,2.78
S0015,3.4,53.5,Yes,53.0,8.0,2.5,9,Low,2.0
S0016,2.4,62.4,No,87.4,5.5,6.3,9,Low,2.22
S0017,3.8,97.4,No,90.5,5.8,3.3,5,Low,2.81
S0018,5.7,75.1,Yes,51.8,5.2,3.0,6,Low,2.04
S0019,4.5,97.7,Yes,68.4,7.1,5.1,3,Medium,2.71
S0020,1.9,78.6,Yes,90.1,8.8,5.6,8,High,2.89
S0021,3.5,88.5,No,78.9,4.4,6.8,1,High,2.69
S0022,3.7,63.5,Yes,87.4,5.2,2.6,7,Low,2.57
S0023,4.6,65.9,Yes,66.3,5.0,5.0,1,Medium,2.38
S0024,1.5,65.6,Yes,62.7,5.3,4.7,7,Low,2.0
S0025,2.5,99.0,Yes,86.0,8.9,4.9,10,Medium,2.9
S0026,2.7,61.5,Yes,85.6,7.6,7.0,9,High,2.6
S0027,3.9,68.9,No,70.9,6.5,3.9,1,High,2.41
S0028,4.0,75.0,No,79.9,4.1,5.9,2,Medium,2.48
S0029,4.0,96.5,Yes,59.7,6.9,6.2,6,High,2.54
S0030,4.2,64.3,No,69.6,7.9,6.5,8,Low,2.0
S0031,4.4,85.0,Yes,99.2,4.3,5.6,7,Low,2.99
S0032,1.8,98.4,Yes,61.1,8.4,2.3,2,Low,2.47
S0033,2.5,80.9,No,75.1,8.2,7.9,10,High,2.35
S0034,2.1,61.4,Yes,89.8,6.9,5.6,2,Medium,2.72
S0035,1.3,88.8,No,50.1,7.3,5.9,7,Low,2.0
S0036,2.9,62.1,No,88.1,4.3,2.6,10,Low,2.27
S0037,1.7,71.4,No,91.3,4.3,3.4,10,Low,2.38
S0038,2.3,52.8,Yes,71.5,8.6,3.9,7,High,2.31
S0039,1.5,91.0,No,67.3,8.3,5.8,10,Medium,2.2
S0040,2.0,85.4,No,96.0,7.2,7.5,10,Low,2.59
S0041,5.3,61.9,Yes,79.7,5.1,4.8,8,High,2.59
S0042,4.7,62.8,Yes,53.9,8.9,4.8,5,Medium,2.06
S0043,1.1,80.0,Yes,99.3,5.8,7.8,6,Medium,2.94
S0044,5.0,88.3,Yes,79.5,7.5,3.5,10,Low,2.65
S0045,1.1,98.9,No,97.4,4.0,7.9,4,High,3.01
S0046,1.7,86.9,No,67.1,6.3,6.7,1,Low,2.2
S0047,4.7,86.3,No,57.6,8.6,3.1,2,Low,2.16
S0048,4.6,88.7,No,87.3,4.2,5.6,5,High,2.83
S0049,5.7,71.0,Yes,87.0,6.1,2.8,4,Low,2.76
S0050,5.3,79.2,Yes,58.8,4.4,6.0,5,High,2.38
S0051,5.6,73.8,Yes,84.3,4.3,6.5,8,Low,2.58
S0052,5.0,83.3,Yes,80.9,4.5,3.8,1,Low,2.77
S0053,2.2,74.5,No,66.1,5.8,2.7,10,Low,2.0
S0054,5.2,54.6,No,83.5,5.4,7.1,9,Low,2.14
S0055,4.6,59.3,Yes,55.0,4.3,6.8,10,Medium,2.0
S0056,1.0,94.6,No,56.9,6.6,6.4,1,Low,2.06
S0057,3.8,64.5,No,78.9,4.8,5.8,4,High,2.42
S0058,2.8,96.0,No,99.7,5.7,7.4,10,Medium,2.88
S0059,1.9,54.7,Yes,96.3,6.0,2.3,10,Medium,2.66
S0060,3.2,73.5,No,56.2,8.7,8.0,6,High,2.0
S0061,2.3,85.1,Yes,93.9,8.1,7.1,1,Medium,3.05
S0062,2.5,55.4,No,62.8,7.6,7.9,1,Low,2.0
S0063,4.1,84.6,No,93.3,4.7,5.4,1,Low,2.78
S0064,1.3,71.2,Yes,60.2,6.0,2.6,9,High,2.2
S0065,5.2,88.3,Yes,59.2,4.5,6.9,10,Low,2.16
S0066,4.5,77.0,No,78.4,6.1,8.0,8,Low,2.25
S0067,4.4,74.9,Yes,62.7,4.9,6.3,3,Low,2.23
S0068,3.9,58.3,No,65.4,8.7,7.6,3,High,2.12
S0069,5.2,61.5,Yes,84.2,8.2,5.7,9,Medium,2.57
S0070,5.6,53.5,Yes,80.1,6.1,5.8,1,High,2.66
S0071,5.9,52.2,No,96.1,5.4,3.3,3,Medium,2.67
S0072,3.1,77.2,No,80.3,6.4,7.7,3,Low,2.36
S0073,5.1,72.7,No,52.9,4.7,5.4,6,High,2.0
S0074,2.7,71.8,Yes,54.4,6.7,6.3,5,Medium,2.06
S0075,1.8,70.1,No,77.3,8.9,4.4,8,Low,2.16
S0076,2.3,94.5,Yes,63.2,4.7,5.9,9,Medium,2.36
S0077,4.0,62.9,No,92.8,6.8,2.5,2,Medium,2.7
S0078,1.5,84.8,Yes,61.2,6.3,6.1,4,High,2.41
S0079,4.1,75.7,Yes,91.9,4.4,5.6,2,Low,2.84
S0080,3.4,99.7,No,66.8,8.0,7.4,2,Low,2.36
S0081,4.9,77.8,Yes,84.8,8.5,5.1,5,Medium,2.83
S0082,5.5,80.3,Yes,50.5,5.1,4.6,8,Medium,2.1
S0083,5.2,51.0,Yes,91.4,4.7,5.7,4,Medium,2.68
S0084,3.5,50.6,No,88.0,4.4,4.1,8,Medium,2.29
S0085,4.7,90.1,No,62.5,4.8,3.3,2,High,2.45
S0086,3.5,85.2,No,65.3,5.0,4.4,1,High,2.43
S0087,3.5,99.3,Yes,78.7,7.8,4.9,4,Low,2.8
S0088,4.1,63.2,No,50.7,6.2,2.1,4,High,2.0
S0089,1.2,56.3,Yes,60.2,5.5,2.5,8,Medium,2.0
S0090,5.5,87.4,No,84.2,7.3,7.8,3,High,2.82
S0091,3.7,88.8,Yes,56.0,5.3,3.0,3,High,2.47
S0092,5.3,55.0,No,85.8,5.0,5.4,5,High,2.49
S0093,2.8,77.1,Yes,99.2,6.4,6.1,5,Medium,3.01
S0094,4.8,75.8,Yes,65.1,5.7,3.7,7,Medium,2.37
S0095,5.6,68.3,Yes,83.9,7.4,2.6,9,Medium,2.68
S0096,4.5,63.4,Yes,96.1,4.9,5.9,10,High,2.85
S0097,4.9,99.4,Yes,95.2,4.5,4.3,4,Low,3.15
S0098,5.1,71.6,Yes,69.7,7.3,2.0,5,Medium,2.51
S0099,2.4,83.2,Yes,96.7,8.0,7.6,5,Low,2.9
S0100,1.2,77.2,Yes,99.9,6.0,3.6,4,Low,2.93
S0101,1.5,98.8,No,67.8,6.4,6.3,4,High,2.48
S0102,1.8,71.6,Yes,71.3,6.0,5.5,7,High,2.43
S0103,4.7,92.3,Yes,55.6,7.4,6.2,7,Low,2.22
S0104,1.3,70.1,No,91.7,9.0,5.1,7,Low,2.45
S0105,2.5,86.9,No,57.6,8.2,6.9,6,Low,2.0
S0106,3.9,52.9,No,56.7,7.4,5.7,2,Low,2.0
S0107,1.6,54.3,Yes,92.7,7.7,6.3,6,Medium,2.61
S0108,4.0,58.0,No,91.5,8.8,3.5,4,High,2.69
S0109,5.9,91.8,Yes,73.2,7.5,4.3,10,Medium,2.67
S0110,3.1,99.6,Yes,97.3,6.4,7.6,1,Low,3.17
S0111,3.8,84.6,No,94.9,5.9,4.9,8,Low,2.68
S0112,3.0,67.5,Yes,81.4,5.1,2.7,5,Low,2.5
S0113,1.0,95.7,Yes,75.3,6.4,5.6,6,Medium,2.65
S0114,2.3,72.1,Yes,64.5,6.0,2.3,9,Low,2.13
S0115,2.6,74.1,Yes,97.3,6.6,6.8,4,Medium,2.95
S0116,5.1,64.1,No,55.0,6.4,5.3,3,Medium,2.0
S0117,2.4,70.7,Yes,98.4,6.8,7.5,10,High,2.9
S0118,4.8,76.9,Yes,92.5,4.2,6.8,1,High,3.08
S0119,4.4,85.0,No,95.6,6.9,4.4,5,High,3.0
S0120,3.4,88.3,No,52.0,7.0,7.7,7,Medium,2.0
S0121,4.3,76.9,Yes,59.4,4.8,7.2,8,Medium,2.17
S0122,4.6,99.6,No,86.1,6.8,7.8,7,Low,2.67
S0123,3.9,98.4,No,53.8,7.5,4.5,8,High,2.22
S0124,5.7,71.8,No,77.1,7.0,6.2,2,High,2.57
S0125,4.0,85.9,No,62.8,8.6,4.5,8,Low,2.09
S0126,2.6,67.0,No,52.6,8.8,3.4,9,Medium,2.0
S0127,4.4,65.6,No,97.5,7.1,4.9,9,Low,2.56
S0128,2.4,50.1,Yes,65.6,7.4,6.6,3,Low,2.0
S0129,5.7,82.6,Yes,96.6,7.4,4.8,2,High,3.29
S0130,3.4,78.8,No,77.6,4.9,3.2,8,High,2.48
S0131,2.9,83.0,No,74.2,8.7,5.6,2,Medium,2.46
S0132,5.2,59.3,Yes,88.2,7.1,6.4,4,Low,2.61
S0133,2.8,87.5,No,78.4,6.1,4.8,10,Low,2.32
S0134,1.6,65.2,Yes,68.3,5.1,5.0,9,Medium,2.16
S0135,1.7,90.7,No,94.2,5.2,6.6,9,Medium,2.71
S0136,3.2,82.4,Yes,71.4,4.7,4.3,9,Low,2.35
S0137,3.5,71.0,No,86.9,4.2,2.7,4,High,2.67
S0138,1.5,74.0,No,70.8,7.0,4.7,9,Medium,2.12
S0139,4.5,96.1,No,75.5,7.1,6.8,3,Medium,2.62
S0140,1.2,71.8,Yes,91.0,6.1,7.8,10,Low,2.52
S0141,4.8,64.6,No,81.3,6.1,6.2,5,High,2.48
S0142,2.3,76.2,No,98.7,7.1,7.8,7,High,2.82
S0143,5.1,53.9,No,67.7,8.2,2.9,10,Low,2.0
S0144,4.9,82.6,Yes,87.2,8.9,2.3,6,Medium,2.95
S0145,2.2,78.2,Yes,65.8,6.9,7.0,4,High,2.45
S0146,1.1,94.6,Yes,91.6,8.0,4.2,9,High,3.05
S0147,3.2,89.1,No,84.1,7.1,5.5,6,Low,2.54
S0148,4.9,57.5,No,79.3,8.4,2.2,6,Low,2.24
S0149,3.4,71.2,No,75.3,5.3,2.3,2,Medium,2.4
S0150,4.8,63.2,No,71.3,4.9,7.5,1,Medium,2.22
S0151,2.2,89.9,No,74.4,8.8,7.3,1,Low,2.41
S0152,5.4,66.3,No,77.0,8.0,6.2,2,Low,2.31
S0153,5.6,84.7,No,81.4,5.8,6.0,4,High,2.73
S0154,2.0,69.5,No,50.8,4.3,3.9,1,Low,2.0
S0155,2.2,67.2,No,91.0,5.3,7.0,10,High,2.51
S0156,2.9,92.2,No,81.7,8.7,5.5,5,High,2.75
S0157,2.5,69.3,Yes,87.4,5.6,2.3,4,Low,2.66
S0158,2.4,98.3,No,76.5,4.8,4.1,3,Medium,2.61
S0159,1.1,54.7,No,92.5,8.4,2.8,4,High,2.59
S0160,1.7,98.2,No,68.0,4.7,3.2,9,Medium,2.31
S0161,4.8,83.9,No,52.6,4.6,7.1,1,Medium,2.05
S0162,1.2,54.0,Yes,74.6,5.3,6.6,3,Medium,2.26
S0163,3.7,57.2,Yes,77.9,6.7,2.5,3,High,2.61
S0164,2.7,61.1,Yes,62.7,7.9,7.3,9,Low,2.0
S0165,5.8,71.4,No,59.1,8.1,3.9,5,High,2.19
S0166,2.3,84.3,Yes,77.9,5.4,6.2,1,Low,2.61
S0167,3.8,84.8,No,84.4,4.5,5.0,2,Medium,2.68
S0168,4.5,63.8,Yes,59.8,8.6,4.9,7,Low,2.04
S0169,2.3,94.8,Yes,51.0,4.8,3.0,4,High,2.36
S0170,5.6,59.7,Yes,50.3,5.6,4.6,1,Low,2.0
S0171,3.6,84.7,Yes,99.7,4.3,4.3,9,Low,2.95
S0172,1.3,88.7,Yes,94.0,7.4,4.2,7,Low,2.88
S0173,2.9,65.0,Yes,93.1,5.9,7.2,6,Low,2.63
S0174,2.7,81.0,No,98.6,7.8,8.0,2,High,2.98
S0175,2.3,94.4,No,89.6,4.3,4.5,2,High,2.94
S0176,3.3,65.4,Yes,61.6,6.9,3.7,3,Medium,2.24
S0177,1.7,96.0,No,77.5,7.4,3.7,10,Low,2.38
S0178,1.6,64.3,Yes,71.4,7.4,7.2,2,Low,2.24
S0179,4.5,90.1,Yes,55.6,8.8,7.9,1,Low,2.3
S0180,5.3,95.5,Yes,95.5,5.4,6.1,5,Low,3.09
S0181,2.3,62.8,No,88.3,7.7,7.5,10,High,2.43
S0182,2.0,78.9,Yes,97.5,6.1,6.2,7,Low,2.83
S0183,3.4,59.1,No,86.2,8.9,3.7,10,Low,2.25
S0184,1.5,91.2,No,74.7,5.1,4.4,4,Low,2.36
S0185,3.1,77.5,Yes,62.5,5.2,3.6,9,High,2.34
S0186,4.2,68.9,Yes,95.7,4.8,3.1,3,Low,2.87
S0187,2.3,55.4,Yes,81.9,4.3,4.9,4,Medium,2.45
S0188,2.6,61.0,Yes,90.7,5.0,2.3,4,High,2.84
S0189,3.3,76.8,Yes,63.4,4.3,7.0,7,High,2.33
S0190,3.5,94.2,No,94.9,6.9,5.8,8,Medium,2.87
S0191,1.1,90.6,No,81.6,8.3,3.8,4,Medium,2.62
S0192,3.5,83.2,No,74.4,7.3,7.3,1,Medium,2.47
S0193,2.3,95.4,Yes,94.0,8.5,4.3,8,Low,2.96
S0194,5.7,75.4,Yes,76.3,8.9,4.9,8,Low,2.51
S0195,1.2,80.2,No,58.9,5.7,5.6,9,Medium,2.0
S0196,1.4,81.9,Yes,56.2,8.2,5.7,1,Low,2.16
S0197,3.8,88.4,No,69.4,5.6,5.2,2,Medium,2.42
S0198,4.8,54.0,No,61.2,7.7,7.4,10,Low,2.0
S0199,5.0,52.9,Yes,83.9,4.7,4.0,1,High,2.72
S0200,3.5,51.5,No,88.5,6.3,6.1,8,Medium,2.3
S0201,5.3,84.0,No,64.7,5.4,4.9,3,Medium,2.31
S0202,4.8,88.3,No,63.6,6.6,6.8,6,Low,2.14
S0203,1.8,60.6,No,59.9,4.7,3.9,1,High,2.03
S0204,2.7,98.3,Yes,68.0,4.5,3.4,9,High,2.64
S0205,4.0,78.6,No,51.2,8.5,7.6,10,Low,2.0
S0206,4.3,55.9,Yes,85.3,5.9,7.8,3,High,2.68
S0207,5.5,73.5,Yes,50.6,6.9,3.3,9,Low,2.0
S0208,5.8,70.1,Yes,63.3,4.9,5.5,7,Low,2.17
S0209,2.2,53.6,No,75.5,7.3,3.4,8,Low,2.0
S0210,2.6,94.1,Yes,53.0,6.3,5.7,9,High,2.28
S0211,2.1,55.0,Yes,71.7,6.6,4.6,1,Medium,2.32
S0212,5.0,62.9,Yes,51.5,5.0,7.6,4,High,2.07
S0213,4.5,62.2,Yes,65.6,4.8,5.0,6,High,2.32
S0214,2.7,69.5,No,92.1,5.7,4.8,6,Medium,2.58
S0215,1.1,59.5,No,52.7,5.7,5.1,3,Medium,2.0
S0216,4.8,65.4,Yes,92.6,8.7,6.6,3,Low,2.78
S0217,4.1,90.8,No,89.7,4.1,5.1,6,Medium,2.77
S0218,5.3,92.0,Yes,54.3,8.5,2.6,1,Low,2.39
S0219,4.7,76.4,No,92.9,8.0,2.8,5,Medium,2.8
S0220,5.9,94.0,No,89.8,8.0,3.7,2,High,3.1
S0221,4.8,59.9,Yes,67.3,4.0,7.1,6,High,2.3
S0222,1.4,95.5,Yes,90.3,6.3,6.4,10,High,2.97
S0223,1.4,80.7,Yes,91.4,5.0,5.4,7,Low,2.71
S0224,2.8,99.2,No,64.8,8.1,3.5,4,High,2.52
S0225,5.9,89.3,No,74.1,8.9,2.5,7,Low,2.46
S0226,2.3,99.0,No,94.6,5.0,5.1,3,Low,2.86
S0227,3.6,76.6,Yes,71.2,7.9,4.8,7,Low,2.37
S0228,3.7,85.9,No,90.9,5.5,3.2,3,Medium,2.84
S0229,5.6,89.8,Yes,80.0,5.8,6.5,6,High,2.91
S0230,1.1,82.9,No,68.9,6.2,4.8,8,Low,2.07
S0231,2.9,92.6,No,73.7,5.3,4.9,5,Medium,2.47
S0232,1.3,89.7,Yes,60.9,7.0,2.9,8,Low,2.22
S0233,1.3,88.4,No,59.6,6.8,5.0,6,High,2.19
S0234,5.3,59.3,Yes,75.1,7.7,6.4,1,Low,2.41
S0235,1.3,68.0,Yes,96.0,6.2,6.6,1,Medium,2.88
S0236,5.4,93.5,No,77.9,7.7,5.8,9,Medium,2.56
S0237,2.0,80.2,Yes,61.1,7.2,3.9,2,Low,2.26
S0238,3.1,83.5,Yes,96.6,7.4,5.8,9,High,3.07
S0239,5.0,53.0,Yes,56.7,4.6,5.1,5,Low,2.0
S0240,3.4,83.7,No,58.5,5.0,3.7,10,High,2.1
S0241,4.0,94.1,No,77.5,5.4,7.0,8,Low,2.4
S0242,5.9,76.0,No,72.0,5.0,4.9,5,Medium,2.35
S0243,1.6,87.1,Yes,64.6,5.5,3.0,7,Medium,2.38
S0244,2.2,50.0,Yes,73.5,7.7,6.2,5,Low,2.12
S0245,3.2,73.6,No,80.6,4.7,3.7,9,Medium,2.36
S0246,5.2,58.9,No,60.3,4.9,5.4,1,Medium,2.0
S0247,2.7,52.0,Yes,56.2,8.6,5.5,1,Medium,2.01
S0248,5.4,69.1,Yes,70.6,6.2,6.2,8,High,2.47
S0249,4.2,91.9,No,76.6,8.9,7.9,7,Medium,2.51
S0250,5.4,50.2,No,96.4,6.3,2.7,4,Medium,2.63
S0251,4.8,51.6,Yes,85.2,7.2,2.3,1,Low,2.58
S0252,2.8,95.5,No,74.4,7.1,2.3,4,Low,2.48
S0253,3.4,57.9,No,90.6,6.7,4.9,1,Medium,2.57
S0254,5.8,95.6,No,59.5,7.2,5.6,10,Low,2.11
S0255,4.4,83.6,Yes,95.3,7.9,4.1,3,Low,3.03
S0256,3.4,88.1,Yes,67.7,6.7,5.6,1,Low,2.5
S0257,2.0,65.0,No,56.2,8.3,6.5,1,Medium,2.0
S0258,4.6,81.3,Yes,81.9,8.7,4.4,2,High,2.97
S0259,1.8,55.9,Yes,77.8,4.0,7.2,6,Low,2.18
S0260,3.9,99.5,Yes,93.6,7.5,4.7,3,Low,3.13
S0261,3.5,65.4,No,65.2,8.6,2.1,9,Low,2.0
S0262,1.8,52.1,Yes,86.8,8.5,5.8,4,Low,2.43
S0263,1.2,58.4,Yes,63.8,5.8,6.6,6,Medium,2.03
S0264,5.2,51.4,Yes,86.1,8.3,6.2,9,Medium,2.5
S0265,1.2,61.4,No,56.3,7.5,5.6,10,High,2.0
S0266,5.7,90.8,Yes,65.0,4.5,5.5,7,Low,2.4
S0267,5.4,93.4,No,53.5,7.7,7.6,4,Low,2.05
S0268,4.5,85.3,No,87.6,4.7,3.1,4,High,2.86
S0269,4.6,76.5,Yes,90.1,5.1,2.4,3,Medium,2.96
S0270,2.5,66.8,Yes,59.6,7.5,4.2,6,Low,2.03
S0271,1.9,82.0,No,82.5,6.8,2.9,4,High,2.67
S0272,5.1,58.4,Yes,65.7,4.9,7.8,7,Low,2.04
S0273,4.1,64.7,No,64.7,6.6,2.4,8,Low,2.0
S0274,5.7,58.8,Yes,65.6,6.3,3.2,3,Medium,2.33
S0275,1.9,61.4,No,73.6,4.8,6.9,8,Medium,2.03
S0276,3.7,93.9,Yes,59.7,4.5,3.4,8,Low,2.28
S0277,4.0,83.4,Yes,55.5,8.5,2.2,7,Low,2.18
S0278,4.7,63.7,Yes,77.7,7.6,3.5,8,High,2.6
S0279,1.7,51.5,Yes,92.5,6.1,2.1,4,Low,2.57
S0280,6.0,97.6,No,55.6,6.5,5.4,4,Medium,2.27
S0281,3.8,70.4,Yes,89.1,6.1,5.5,6,Low,2.66
S0282,3.7,59.5,Yes,62.6,6.6,3.5,3,Low,2.11
S0283,5.2,92.4,Yes,91.4,7.1,3.9,10,Low,2.92
S0284,5.2,66.7,Yes,59.3,8.7,4.6,9,High,2.25
S0285,1.1,98.4,Yes,55.0,6.4,2.9,10,Medium,2.24
S0286,3.0,87.0,Yes,89.6,5.7,2.8,10,Low,2.77
S0287,1.5,52.0,No,70.8,5.4,4.7,1,Medium,2.04
S0288,5.3,57.3,No,63.0,5.8,2.4,7,Medium,2.0
S0289,5.6,89.9,Yes,95.8,7.6,3.5,9,Low,3.03
S0290,2.2,92.1,No,72.2,7.8,5.7,8,Low,2.26
S0291,4.1,97.3,No,71.5,4.6,4.2,6,Low,2.39
S0292,3.1,91.8,Yes,98.8,8.7,2.5,6,High,3.32
S0293,3.6,91.5,No,73.9,4.8,2.5,7,High,2.57
S0294,3.7,94.3,No,78.5,8.1,7.8,9,Medium,2.51
S0295,4.2,92.3,No,56.0,7.2,4.6,1,High,2.35
S0296,3.3,79.7,Yes,79.9,8.4,6.9,2,Medium,2.73
S0297,5.7,51.7,No,62.1,6.7,5.7,7,Medium,2.0
S0298,2.8,60.5,Yes,99.3,7.8,5.0,2,Medium,2.94
S0299,1.4,60.0,Yes,65.5,4.5,5.0,1,Low,2.1
S0300,3.4,54.5,No,74.7,4.9,4.2,10,High,2.13
S0301,6.0,99.5,No,80.5,8.0,7.1,1,Medium,2.84
S0302,3.7,76.6,Yes,94.1,8.5,6.9,7,High,3.0
S0303,1.9,92.3,Yes,91.1,6.0,5.2,3,High,3.12
S0304,5.2,68.8,No,59.9,5.2,2.0,7,Medium,2.02
S0305,3.3,71.7,Yes,98.5,5.3,5.9,1,Low,2.93
S0306,2.4,95.2,No,63.0,6.4,4.4,8,Medium,2.22
S0307,5.0,97.3,No,78.8,8.9,7.3,4,Low,2.6
S0308,3.1,76.2,Yes,93.0,8.6,2.3,2,High,3.13
S0309,1.3,51.3,No,89.7,7.8,2.3,4,Low,2.31
S0310,4.7,67.3,No,91.5,7.7,3.9,8,Low,2.5
S0311,3.4,82.8,No,63.6,5.3,8.0,5,High,2.23
S0312,5.6,100.0,Yes,69.7,8.6,6.3,9,High,2.77
S0313,3.4,78.8,No,84.5,4.7,2.6,8,High,2.63
S0314,6.0,98.1,No,67.7,6.4,7.4,2,Medium,2.53
S0315,2.0,85.0,No,57.7,6.4,6.6,10,High,2.03
S0316,1.4,50.3,Yes,61.3,6.8,4.3,3,Medium,2.01
S0317,4.9,75.3,No,64.3,6.2,4.4,1,Medium,2.26
S0318,2.9,70.3,Yes,89.3,7.2,7.5,2,Low,2.7
S0319,4.0,91.2,No,80.7,7.5,4.2,8,High,2.7
S0320,4.4,93.6,No,83.0,4.9,7.7,7,Medium,2.62
S0321,1.4,52.7,No,51.3,4.1,4.6,8,High,2.0
S0322,4.1,84.9,Yes,66.7,4.3,3.5,8,Low,2.34
S0323,4.5,73.8,Yes,76.3,7.9,3.3,10,Low,2.43
S0324,4.7,67.8,No,78.4,7.5,3.5,2,Low,2.37
S0325,1.7,59.2,Yes,63.5,5.6,7.7,5,Medium,2.05
S0326,2.5,57.6,Yes,81.2,7.3,5.4,3,Medium,2.51
S0327,2.2,97.5,No,98.0,5.0,6.9,8,Low,2.79
S0328,2.6,60.2,Yes,70.6,7.5,5.9,5,Low,2.18
S0329,4.7,82.9,No,99.9,7.5,7.8,9,High,2.95
S0330,5.7,76.9,Yes,73.5,5.2,8.0,4,High,2.66
S0331,2.4,78.5,No,54.9,5.3,4.4,1,Medium,2.02
S0332,5.1,64.3,Yes,72.6,7.7,3.0,9,Medium,2.4
S0333,1.0,59.7,Yes,94.8,8.6,2.9,9,High,2.79
S0334,5.0,68.4,Yes,64.9,4.5,6.4,3,Low,2.22
S0335,1.2,77.3,No,66.2,6.2,5.4,6,Low,2.0
S0336,1.4,55.1,Yes,90.1,7.8,7.1,1,Medium,2.65
S0337,5.5,81.5,No,61.8,7.9,5.7,3,Low,2.15
S0338,1.2,65.5,No,88.0,7.1,8.0,10,High,2.4
S0339,1.8,74.8,Yes,51.6,4.3,7.9,9,Low,2.0
S0340,5.8,62.4,Yes,66.3,4.1,2.6,9,Low,2.15
S0341,4.9,85.0,No,78.4,6.3,5.8,3,High,2.68
S0342,4.5,96.8,No,93.0,4.6,6.1,9,Medium,2.84
S0343,4.1,62.7,No,64.9,8.2,2.6,4,Medium,2.11
S0344,2.1,85.2,No,50.6,4.6,7.2,2,High,2.02
S0345,4.0,57.7,Yes,86.4,8.7,7.0,5,Medium,2.61
S0346,3.0,93.2,Yes,77.6,6.5,4.4,9,Low,2.59
S0347,3.1,78.2,No,68.1,7.3,5.5,7,High,2.29
S0348,4.6,60.0,No,87.4,5.6,4.7,5,Low,2.37
S0349,3.5,86.4,No,90.1,5.0,7.6,7,Low,2.57
S0350,3.1,64.4,No,61.3,6.5,3.0,1,Medium,2.06
S0351,3.4,71.7,Yes,64.8,6.8,4.8,9,Low,2.13
S0352,4.9,83.1,Yes,81.6,5.2,6.5,5,Low,2.66
S0353,4.1,97.1,Yes,91.2,4.3,2.6,2,Low,3.08
S0354,1.0,74.3,No,88.9,6.1,2.6,5,High,2.67
S0355,6.0,88.9,Yes,89.7,8.9,3.8,2,High,3.26
S0356,3.2,98.4,No,57.2,5.6,2.2,2,Low,2.21
S0357,5.6,78.9,No,74.3,8.6,7.9,2,Low,2.37
S0358,1.7,85.1,Yes,57.6,9.0,6.5,4,Medium,2.27
S0359,5.7,68.3,Yes,95.4,8.5,5.1,7,Medium,2.93
S0360,5.1,62.5,Yes,62.5,6.1,4.6,5,Low,2.12
S0361,3.3,53.2,No,55.6,6.1,4.1,4,Low,2.0
S0362,2.5,75.5,Yes,51.7,5.8,7.5,3,Medium,2.05
S0363,2.8,94.3,Yes,71.5,5.1,7.7,6,Medium,2.57
S0364,3.7,64.3,No,75.6,4.2,6.9,2,High,2.36
S0365,5.9,95.8,No,90.1,4.2,3.4,9,High,2.95
S0366,3.9,91.3,Yes,94.4,6.6,4.7,4,High,3.23
S0367,1.6,56.0,No,91.2,8.6,4.6,7,Medium,2.41
S0368,5.7,92.7,No,51.4,6.4,3.8,10,Low,2.0
S0369,2.7,72.9,No,61.6,5.1,6.9,3,High,2.13
S0370,4.8,64.0,Yes,82.1,5.0,3.8,1,Low,2.6
S0371,1.4,82.5,No,91.9,4.1,3.9,1,High,2.87
S0372,2.6,57.3,Yes,65.6,8.1,6.0,8,Medium,2.09
S0373,1.8,59.9,Yes,51.2,7.2,3.2,4,Medium,2.0
S0374,4.8,67.6,Yes,74.8,7.3,3.8,3,Medium,2.57
S0375,3.1,57.4,No,77.8,5.2,3.8,1,High,2.4
S0376,1.5,56.7,No,93.7,4.7,3.5,5,High,2.58
S0377,5.0,64.5,No,75.9,6.8,5.5,9,Low,2.12
S0378,4.7,61.6,Yes,76.4,6.3,5.6,3,High,2.6
S0379,1.1,59.9,No,78.8,5.1,7.7,6,High,2.22
S0380,5.2,96.6,Yes,64.3,4.4,3.0,4,Low,2.53
S0381,5.8,75.0,Yes,59.3,5.3,3.6,5,Medium,2.31
S0382,5.3,54.6,No,91.0,5.3,2.3,7,High,2.6
S0383,2.8,66.1,Yes,85.0,8.5,4.7,3,Medium,2.7
S0384,1.0,63.5,Yes,99.6,8.6,3.0,8,High,2.94
S0385,3.6,52.5,Yes,78.8,5.0,7.7,1,Low,2.32
S0386,1.9,84.6,No,65.1,5.8,6.6,5,Medium,2.16
S0387,4.4,52.7,No,51.8,4.4,7.3,7,Low,2.0
S0388,5.6,94.5,Yes,51.7,5.3,7.2,3,Low,2.23
S0389,3.5,83.6,Yes,86.2,4.3,5.4,10,Low,2.63
S0390,4.0,82.1,No,62.0,8.3,3.1,7,Low,2.08
S0391,5.2,52.0,No,86.0,6.9,6.1,5,Medium,2.37
S0392,4.7,74.4,Yes,50.9,5.5,5.8,6,High,2.15
S0393,4.8,58.9,No,59.2,7.9,6.4,4,Medium,2.0
S0394,2.3,95.6,No,67.4,5.2,3.5,8,Medium,2.31
S0395,4.6,51.9,No,62.6,8.6,7.0,5,Low,2.0
S0396,5.6,92.3,No,99.5,5.9,6.2,9,Medium,2.97
S0397,2.3,79.1,No,60.7,8.7,6.1,6,Low,2.0
S0398,1.4,68.9,Yes,96.8,7.2,5.0,6,High,2.94
S0399,2.1,68.4,Yes,63.4,4.7,2.7,1,High,2.4
S0400,6.0,53.9,No,94.7,4.8,3.5,8,Medium,2.55
S0401,2.6,95.1,No,95.7,4.7,5.6,3,High,3.05
S0402,4.3,69.5,Yes,83.7,4.0,5.7,8,Medium,2.59
S0403,3.3,63.2,Yes,57.9,7.9,4.2,1,High,2.29
S0404,1.7,62.2,Yes,52.6,6.3,2.8,1,Medium,2.03
S0405,1.4,53.0,Yes,64.6,4.4,4.6,1,High,2.22
S0406,1.4,64.8,No,85.1,6.9,4.4,7,High,2.46
S0407,5.6,51.0,No,64.2,8.0,6.8,1,High,2.12
S0408,2.3,83.5,No,62.1,7.1,7.1,6,Medium,2.09
S0409,2.6,89.6,No,91.8,5.0,4.4,5,High,2.89
S0410,4.7,98.4,Yes,75.8,6.0,3.5,5,Medium,2.85
S0411,4.2,79.9,No,54.3,7.8,4.2,10,High,2.03
S0412,5.2,68.3,Yes,58.3,7.5,2.7,2,High,2.4
S0413,5.4,74.1,Yes,82.5,8.5,5.4,2,Low,2.72
S0414,1.4,93.1,Yes,61.6,4.9,6.8,9,High,2.37
S0415,3.5,73.9,Yes,91.9,8.9,3.5,8,High,2.96
S0416,5.1,67.3,Yes,95.2,5.9,5.3,3,Medium,2.95
S0417,5.7,53.2,No,95.5,5.5,3.8,7,Low,2.47
S0418,3.5,78.7,No,60.7,8.1,5.4,10,High,2.11
S0419,2.5,67.2,No,87.4,8.9,3.4,1,Low,2.51
S0420,2.7,70.6,Yes,55.2,4.3,5.4,8,Medium,2.0
S0421,3.9,84.0,Yes,54.8,7.4,7.5,3,Medium,2.25
S0422,5.9,88.8,No,50.4,7.2,4.6,6,High,2.16
S0423,2.0,63.3,Yes,64.0,4.5,7.9,8,High,2.14
S0424,2.1,72.5,Yes,88.1,7.4,2.3,8,Low,2.63
S0425,1.2,98.9,Yes,62.8,5.6,2.8,3,High,2.64
S0426,3.7,54.1,Yes,66.3,5.1,3.1,5,Medium,2.18
S0427,4.8,81.4,Yes,95.7,8.9,5.4,5,High,3.18
S0428,3.9,64.6,Yes,78.9,6.8,2.8,1,Low,2.55
S0429,3.5,91.9,No,76.7,7.7,5.1,7,Low,2.42
S0430,3.4,55.2,No,81.7,4.0,6.2,7,High,2.3
S0431,4.8,99.3,Yes,91.5,8.4,5.0,5,Low,3.08
S0432,1.3,87.6,No,75.5,8.3,5.8,4,Medium,2.44
S0433,4.4,85.9,No,55.8,5.2,6.4,7,High,2.12
S0434,2.0,93.8,Yes,76.5,8.4,3.0,3,Medium,2.81
S0435,3.3,68.9,No,64.5,5.9,5.1,3,Low,2.0
S0436,2.6,52.6,No,74.6,6.3,2.1,1,Low,2.11
S0437,5.7,51.6,Yes,92.5,5.6,6.8,5,Medium,2.69
S0438,5.3,69.8,No,57.9,6.2,5.9,1,Low,2.0
S0439,3.3,99.8,Yes,50.6,6.5,3.9,9,Medium,2.24
S0440,1.5,80.3,No,95.2,4.2,6.8,10,High,2.69
S0441,5.6,76.5,No,71.3,6.3,7.3,8,Medium,2.25
S0442,4.8,63.9,No,58.6,6.6,4.4,1,High,2.13
S0443,5.5,73.9,No,78.3,7.1,4.2,9,High,2.5
S0444,3.6,78.8,No,50.4,7.8,2.0,10,Low,2.0
S0445,4.6,96.0,No,75.5,8.8,3.7,2,Medium,2.7
S0446,4.3,62.1,Yes,72.7,5.5,2.8,8,Medium,2.36
S0447,4.0,97.2,No,74.4,6.0,5.2,5,High,2.66
S0448,3.2,69.8,No,78.1,6.1,3.8,3,High,2.5
S0449,4.2,77.8,No,79.6,4.7,4.9,1,High,2.65
S0450,3.2,52.8,No,75.0,5.0,4.0,4,Medium,2.13
S0451,1.9,99.5,No,99.2,6.3,6.7,10,Medium,2.9
S0452,3.4,95.2,Yes,73.7,7.6,6.6,7,High,2.76
S0453,1.4,94.8,No,78.7,4.9,3.7,3,Medium,2.6
S0454,1.6,80.2,No,59.9,8.6,7.1,2,High,2.19
S0455,1.5,80.0,Yes,97.1,5.4,5.0,10,High,2.97
S0456,3.5,69.1,No,88.8,4.9,4.9,5,Medium,2.55
S0457,2.8,50.2,Yes,98.8,8.4,5.6,4,Low,2.68
S0458,1.7,86.4,No,72.9,4.6,6.1,10,High,2.33
S0459,1.2,61.4,Yes,61.8,6.6,2.4,6,Low,2.0
S0460,2.0,86.8,No,86.4,5.5,2.0,2,Medium,2.74
S0461,2.6,94.3,Yes,66.7,5.3,6.2,2,High,2.67
S0462,1.3,86.5,Yes,51.6,4.9,5.6,10,High,2.1
S0463,5.8,90.6,Yes,54.2,6.6,2.5,7,High,2.45
S0464,3.8,68.9,Yes,99.0,7.0,4.3,9,Low,2.81
S0465,2.4,78.2,No,60.4,7.2,2.9,4,Low,2.01
S0466,5.1,54.5,Yes,74.0,8.2,4.5,9,Medium,2.31
S0467,3.8,80.0,Yes,56.0,5.8,7.6,4,High,2.3
S0468,3.5,95.5,No,66.8,6.1,2.7,9,High,2.44
S0469,5.1,71.4,No,58.1,7.2,2.3,1,Medium,2.15
S0470,3.5,98.2,Yes,74.4,7.5,3.8,5,Low,2.69
S0471,3.7,67.8,No,84.6,6.2,7.9,3,Medium,2.46
S0472,3.4,85.5,No,83.7,4.3,5.1,8,Medium,2.54
S0473,3.1,90.1,Yes,92.5,6.1,5.2,2,High,3.19
S0474,4.3,62.5,Yes,81.3,7.3,3.7,6,Low,2.48
S0475,4.6,73.6,No,98.8,6.1,2.2,8,High,2.92
S0476,1.4,98.2,Yes,57.2,8.6,7.8,10,Low,2.14
S0477,1.0,94.1,No,57.9,5.1,6.7,6,High,2.16
S0478,3.3,94.8,Yes,85.2,7.9,2.0,10,High,3.0
S0479,1.8,58.2,No,82.9,8.5,7.0,6,Low,2.15
S0480,3.0,77.0,No,70.4,4.7,5.9,2,High,2.39
S0481,4.3,93.0,No,85.5,5.0,4.2,3,Medium,2.8
S0482,5.6,91.2,Yes,99.0,6.8,2.7,10,Low,3.09
S0483,1.3,73.0,No,74.7,7.3,4.4,4,High,2.39
S0484,2.6,98.4,Yes,66.4,6.3,4.0,1,High,2.77
S0485,3.0,82.7,Yes,96.8,6.7,2.6,8,Low,2.92
S0486,5.0,61.5,Yes,53.1,6.6,7.2,9,Medium,2.0
S0487,1.8,60.3,Yes,66.7,8.8,3.6,2,Medium,2.29
S0488,4.6,95.9,No,52.3,5.9,3.5,5,High,2.25
S0489,4.0,93.7,No,77.3,6.0,2.2,1,High,2.81
S0490,2.3,97.3,No,61.3,5.4,4.1,10,Low,2.06
S0491,2.4,74.6,Yes,89.6,5.1,5.3,9,Medium,2.7
S0492,5.8,96.6,Yes,65.2,5.7,3.8,1,High,2.82
S0493,3.2,60.1,No,94.6,5.3,2.8,8,Medium,2.54
S0494,2.1,81.3,No,52.2,5.6,5.2,7,Medium,2.0
S0495,1.2,54.5,Yes,85.7,6.3,5.7,7,Low,2.33
S0496,3.7,65.7,No,90.4,4.6,5.6,8,High,2.58
S0497,4.0,98.6,Yes,67.8,4.6,2.8,6,Low,2.55
S0498,3.5,73.0,No,99.0,5.3,2.0,3,Low,2.78
S0499,2.3,78.6,No,70.8,5.1,6.0,7,Medium,2.19
S0500,3.9,92.4,Yes,84.3,4.6,4.7,1,High,3.08
S0501,3.8,71.0,Yes,77.6,8.2,6.9,8,Medium,2.49
S0502,2.4,65.4,No,58.4,6.9,2.3,6,Medium,2.0
S0503,4.7,88.5,Yes,52.3,7.1,7.7,10,Low,2.03
S0504,3.7,56.5,No,52.4,7.6,2.7,10,Medium,2.0
S0505,4.8,59.4,No,88.5,6.6,7.2,2,Medium,2.53
S0506,4.3,90.4,No,66.8,5.4,8.0,7,High,2.36
S0507,1.6,94.5,No,54.8,6.3,3.4,9,High,2.12
S0508,3.3,55.6,Yes,99.4,5.3,3.0,10,Medium,2.75
S0509,3.7,85.6,Yes,64.9,6.1,3.6,9,High,2.49
S0510,5.5,71.5,No,65.2,7.0,3.8,7,Medium,2.16
S0511,5.6,73.0,No,71.0,4.6,5.7,2,High,2.44
S0512,4.2,68.5,No,96.1,8.0,2.8,2,High,2.93
S0513,1.1,50.7,No,54.8,8.0,7.1,2,Low,2.0
S0514,4.8,65.6,Yes,98.6,4.2,3.2,8,High,3.01
S0515,3.4,70.5,Yes,71.4,7.0,2.9,8,Medium,2.4
S0516,4.6,77.3,Yes,95.7,5.6,7.3,1,High,3.15
S0517,4.2,56.2,No,79.3,6.6,4.1,5,High,2.38
S0518,1.8,75.1,No,59.5,5.7,5.6,4,Low,2.0
S0519,6.0,67.2,No,92.3,5.5,4.5,10,Low,2.49
S0520,1.8,67.2,Yes,77.6,4.0,5.8,3,High,2.57
S0521,5.9,56.5,Yes,52.4,4.1,4.8,5,Low,2.0
S0522,3.6,98.1,No,58.7,6.8,5.6,5,High,2.35
S0523,2.0,63.0,Yes,68.5,8.9,7.1,6,High,2.32
S0524,5.2,92.6,Yes,87.6,4.2,6.0,6,High,3.07
S0525,4.3,84.7,No,70.1,5.3,3.2,3,Low,2.32
S0526,3.2,70.7,Yes,65.4,9.0,5.6,9,Medium,2.24
S0527,4.4,91.1,Yes,80.3,8.8,5.1,4,Medium,2.88
S0528,2.5,85.0,Yes,51.3,6.5,6.9,3,Low,2.05
S0529,1.4,84.9,Yes,68.1,7.7,4.2,10,High,2.47
S0530,1.1,78.4,Yes,88.3,8.9,2.5,8,Low,2.67
S0531,2.0,51.0,No,91.9,6.8,3.7,4,Low,2.34
S0532,3.6,92.0,Yes,90.0,8.4,3.9,4,High,3.17
S0533,3.2,58.8,Yes,69.2,6.9,3.2,3,Medium,2.33
S0534,4.5,61.2,No,56.7,4.3,4.0,10,High,2.0
S0535,2.6,95.3,Yes,60.1,7.0,6.2,7,High,2.47
S0536,2.6,59.2,No,50.8,7.8,3.0,3,Low,2.0
S0537,2.8,79.6,No,88.5,4.2,5.4,2,Medium,2.67
S0538,2.4,90.9,Yes,89.0,7.1,6.5,2,Medium,2.99
S0539,4.3,84.0,No,88.4,5.8,6.5,10,Low,2.5
S0540,1.3,89.5,No,71.3,7.1,5.8,9,Low,2.16
S0541,5.4,60.1,Yes,94.6,5.9,2.9,10,Medium,2.77
S0542,1.8,95.9,No,79.9,8.2,5.2,10,Low,2.42
S0543,4.2,50.2,No,69.6,7.9,5.9,4,Medium,2.03
S0544,5.9,68.3,No,92.7,4.6,3.4,5,Low,2.61
S0545,4.6,71.2,Yes,96.1,6.4,3.5,7,Medium,2.94
S0546,3.9,78.9,Yes,95.8,5.1,5.6,5,Low,2.89
S0547,3.5,64.6,No,56.6,8.0,5.4,9,High,2.0
S0548,3.6,68.0,No,85.3,5.8,5.6,10,High,2.47
S0549,2.8,52.8,No,67.9,8.7,5.1,1,Low,2.0
S0550,4.6,96.1,No,92.2,7.6,6.5,2,Low,2.88
S0551,2.1,96.0,No,69.7,9.0,7.3,10,Low,2.2
S0552,3.2,74.3,No,52.7,6.7,3.1,8,Low,2.0
S0553,2.8,59.3,Yes,93.9,4.4,6.6,5,High,2.8
S0554,1.4,52.8,Yes,70.8,7.9,6.2,2,Medium,2.23
S0555,3.2,63.3,Yes,85.4,7.1,4.5,10,High,2.64
S0556,3.5,61.7,No,73.2,5.4,7.8,10,Medium,2.02
S0557,1.0,73.5,No,69.3,4.2,3.5,6,Low,2.02
S0558,5.4,58.5,No,58.9,5.0,6.3,6,Medium,2.0
S0559,3.1,98.7,No,86.2,6.3,3.3,10,High,2.82
S0560,4.6,79.3,No,69.5,7.4,5.3,9,Low,2.14
S0561,4.9,62.6,No,87.1,8.6,2.4,5,Medium,2.56
S0562,3.1,57.2,No,95.7,7.7,2.4,4,High,2.74
S0563,2.2,91.7,No,50.8,8.9,3.1,10,High,2.04
S0564,4.7,76.6,Yes,98.5,6.0,3.2,9,Low,2.91
S0565,5.5,72.1,Yes,67.6,5.9,2.2,5,High,2.56
S0566,4.9,64.4,No,66.8,4.9,4.2,7,Low,2.0
S0567,1.7,72.1,Yes,60.7,8.2,2.7,10,Low,2.03
S0568,5.4,84.2,Yes,71.7,6.5,5.3,4,High,2.74
S0569,2.7,96.8,Yes,70.5,6.7,5.9,8,Medium,2.58
S0570,4.7,60.8,Yes,78.6,6.6,4.8,2,Medium,2.57
S0571,5.9,84.6,No,55.8,4.3,2.8,8,Low,2.0
S0572,2.0,57.0,Yes,75.7,8.5,6.1,7,Medium,2.3
S0573,5.7,71.6,Yes,80.1,8.7,6.5,2,Medium,2.74
S0574,2.8,97.0,Yes,56.8,6.3,4.2,8,High,2.43
S0575,1.5,71.3,No,89.8,7.9,6.4,2,Medium,2.6
S0576,4.4,93.9,No,75.5,6.6,3.8,5,Low,2.49
S0577,5.7,67.0,No,55.6,7.4,3.5,1,Medium,2.05
S0578,1.8,60.5,Yes,51.4,4.1,3.9,4,High,2.0
S0579,4.3,85.1,No,99.3,6.7,3.4,10,Low,2.78
S0580,4.1,87.3,Yes,96.9,6.5,4.7,8,Medium,3.07
S0581,3.7,80.9,No,67.1,7.7,2.6,8,High,2.34
S0582,4.8,75.8,No,86.1,8.9,4.9,2,Medium,2.7
S0583,3.3,74.7,Yes,76.2,5.0,3.7,8,High,2.6
S0584,5.1,88.7,No,63.3,8.8,2.6,5,Medium,2.35
S0585,4.4,67.1,Yes,60.1,6.5,3.6,10,High,2.22
S0586,2.5,83.2,Yes,61.2,8.5,5.8,7,Low,2.19
S0587,1.8,52.8,Yes,79.6,7.0,6.3,6,Medium,2.33
S0588,5.7,65.5,Yes,77.1,7.6,6.3,5,High,2.65
S0589,4.7,81.7,No,72.4,7.4,3.5,2,Low,2.39
S0590,3.8,63.4,No,52.1,5.0,4.6,8,Low,2.0
S0591,5.3,85.8,Yes,53.9,6.3,7.0,9,Medium,2.17
S0592,1.2,52.1,No,73.4,7.5,3.1,2,Low,2.01
S0593,1.3,54.1,No,94.8,5.4,5.0,3,High,2.59
S0594,2.1,77.5,Yes,72.9,7.5,3.5,9,High,2.54
S0595,3.3,50.6,Yes,64.2,7.1,4.8,4,Medium,2.11
S0596,4.1,71.1,No,95.8,8.8,2.9,4,Medium,2.81
S0597,4.5,51.5,No,64.9,6.4,3.8,6,Low,2.0
S0598,5.2,85.0,Yes,71.1,8.6,2.1,8,Medium,2.62
S0599,3.4,57.5,Yes,92.6,5.1,2.8,3,Low,2.68
S0600,1.9,95.5,No,82.0,5.9,6.3,3,High,2.76
S0601,2.5,74.7,Yes,55.8,4.7,6.0,1,High,2.28
S0602,4.5,82.7,Yes,89.3,6.4,4.2,7,Low,2.81
S0603,3.4,90.2,Yes,64.5,4.9,5.3,1,Low,2.44
S0604,5.9,61.4,No,87.4,4.5,4.6,1,Medium,2.6
S0605,1.7,84.6,No,86.7,4.9,7.5,4,Medium,2.59
S0606,3.9,55.4,No,70.0,7.3,4.7,8,Medium,2.01
S0607,5.7,74.2,Yes,83.6,8.5,4.9,5,High,2.9
S0608,2.4,79.4,Yes,68.9,5.3,3.3,8,High,2.49
S0609,3.2,73.9,No,50.9,4.4,7.6,1,High,2.0
S0610,3.6,77.2,Yes,71.1,7.9,3.5,1,Low,2.51
S0611,1.7,63.6,Yes,62.5,6.1,2.4,9,High,2.18
S0612,3.7,68.2,Yes,85.6,5.1,7.2,2,High,2.81
S0613,3.1,83.8,Yes,69.7,6.3,4.8,7,Medium,2.48
S0614,1.3,66.7,Yes,71.0,6.6,5.5,5,High,2.41
S0615,4.5,94.3,Yes,51.9,4.3,8.0,7,Low,2.1
S0616,3.7,56.6,No,79.1,8.0,3.5,2,High,2.45
S0617,2.4,95.7,No,54.4,8.4,4.7,6,Medium,2.11
S0618,4.4,84.1,No,55.3,9.0,4.8,3,Low,2.04
S0619,2.6,60.6,Yes,99.3,7.2,6.2,1,High,3.03
S0620,1.6,90.4,No,61.8,5.9,3.6,10,Low,2.0
S0621,5.8,59.8,No,76.4,5.0,4.6,9,Medium,2.2
S0622,3.5,53.7,No,67.5,8.8,5.3,2,Low,2.0
S0623,2.2,86.3,No,67.3,8.0,2.5,4,Medium,2.34
S0624,3.1,86.2,Yes,63.2,5.9,3.6,7,Medium,2.38
S0625,3.5,97.5,Yes,64.5,5.9,3.4,5,Low,2.48
S0626,5.2,60.9,No,99.7,6.4,3.1,8,Medium,2.72
S0627,3.9,91.4,Yes,89.1,7.1,6.8,6,Low,2.86
S0628,3.3,99.3,No,75.2,5.9,6.9,6,Low,2.43
S0629,4.0,51.1,No,70.1,4.0,3.3,7,Low,2.0
S0630,4.2,50.5,Yes,90.1,8.1,5.0,1,High,2.82
S0631,3.0,67.3,Yes,62.9,6.3,7.9,8,High,2.21
S0632,4.8,74.0,Yes,71.0,5.3,4.5,7,Medium,2.45
S0633,1.3,60.9,No,61.3,8.9,4.4,3,Medium,2.0
S0634,1.6,53.1,No,78.7,4.1,2.6,1,Medium,2.23
S0635,5.0,99.3,No,51.9,6.7,3.1,5,Medium,2.2
S0636,5.0,92.5,No,63.7,5.6,2.5,10,Low,2.17
S0637,5.9,84.9,No,59.0,8.6,7.7,2,High,2.34
S0638,2.2,93.6,Yes,81.4,8.6,4.8,6,High,2.92
S0639,1.3,80.7,No,87.9,7.3,2.4,3,Low,2.58
S0640,3.3,52.9,No,52.1,5.4,3.3,10,Medium,2.0
S0641,2.0,71.4,No,74.4,8.7,5.3,2,Low,2.23
S0642,5.9,56.8,No,76.5,7.7,5.2,6,Medium,2.25
S0643,5.2,81.9,Yes,81.5,6.4,3.8,4,Low,2.73
S0644,4.4,54.0,Yes,71.7,5.7,6.4,1,Low,2.25
S0645,5.4,74.1,Yes,61.3,8.1,6.3,9,Medium,2.24
S0646,2.1,67.6,Yes,76.8,8.6,2.9,9,High,2.54
S0647,5.3,74.4,Yes,97.6,5.9,4.7,1,Low,3.02
S0648,3.1,63.9,Yes,94.4,8.0,3.1,1,Low,2.83
S0649,2.3,56.3,Yes,81.7,8.4,2.6,8,High,2.55
S0650,5.8,70.5,Yes,76.8,5.9,7.9,6,Low,2.44
S0651,2.7,56.3,No,76.1,8.6,4.9,2,Low,2.14
S0652,5.6,50.6,No,90.2,4.2,5.6,7,Medium,2.4
S0653,5.9,77.0,Yes,98.4,8.7,4.1,10,High,3.14
S0654,1.5,83.6,Yes,83.5,6.4,6.1,2,Medium,2.78
S0655,3.7,77.9,No,79.6,5.0,7.3,10,Low,2.22
S0656,3.6,95.3,No,98.7,5.8,3.9,7,Low,2.89
S0657,5.1,76.1,Yes,52.3,5.7,4.1,5,Low,2.06
S0658,2.3,57.9,Yes,64.1,6.1,5.4,6,High,2.19
S0659,2.5,53.9,Yes,63.2,4.7,4.7,10,Medium,2.0
S0660,4.6,70.2,No,96.9,8.8,6.4,1,High,2.95
S0661,1.9,60.8,No,90.4,6.3,5.4,1,Low,2.44
S0662,3.9,67.9,Yes,75.9,8.0,5.6,2,High,2.67
S0663,4.8,78.7,Yes,76.8,6.8,7.1,1,Low,2.61
S0664,4.5,53.8,Yes,77.7,7.4,6.4,6,Medium,2.38
S0665,4.8,71.0,No,84.7,6.4,6.8,4,Low,2.43
S0666,3.7,78.6,Yes,89.5,7.8,7.4,5,High,2.95
S0667,5.4,95.9,No,72.2,4.6,7.7,9,Medium,2.42
S0668,4.7,70.3,No,55.7,7.6,6.2,2,Medium,2.0
S0669,3.1,74.9,Yes,53.2,5.1,3.8,8,High,2.14
S0670,2.4,54.0,No,79.8,8.9,5.5,8,Low,2.05
S0671,3.9,84.0,No,89.3,6.6,3.5,5,High,2.86
S0672,2.6,88.3,No,71.2,5.8,7.7,7,Low,2.19
S0673,2.4,84.0,No,50.2,5.3,7.4,7,Medium,2.0
S0674,4.1,74.3,No,91.5,8.3,5.8,2,Medium,2.75
S0675,1.8,96.6,No,78.7,8.0,5.4,3,Medium,2.63
S0676,2.9,85.3,No,69.8,7.3,6.0,6,Low,2.2
S0677,3.6,82.2,Yes,76.6,8.2,2.5,5,High,2.81
S0678,3.2,92.3,No,86.8,7.9,5.6,6,Low,2.63
S0679,3.2,55.3,No,98.7,4.2,4.4,1,High,2.78
S0680,3.0,96.5,Yes,63.6,8.9,7.3,5,High,2.61
S0681,5.7,58.0,No,67.6,6.6,5.0,5,Low,2.0
S0682,3.6,58.6,No,76.1,8.7,2.7,3,Medium,2.3
S0683,1.3,97.2,No,98.8,8.3,3.7,1,Medium,3.09
S0684,2.9,63.2,Yes,88.4,6.3,7.0,1,Low,2.63
S0685,2.0,94.4,Yes,91.9,6.5,4.4,5,High,3.14
S0686,4.7,85.6,Yes,91.6,6.1,4.9,7,Low,2.88
S0687,5.7,77.0,No,82.0,5.5,3.4,10,Medium,2.49
S0688,1.5,82.1,No,88.5,6.6,4.1,9,Medium,2.56
S0689,2.1,66.1,No,86.5,6.6,7.9,9,Medium,2.32
S0690,1.5,97.8,No,73.4,7.4,4.6,9,Medium,2.42
S0691,4.5,78.0,No,59.5,4.3,5.8,1,Medium,2.14
S0692,1.2,82.9,Yes,96.2,7.7,5.5,9,Low,2.8
S0693,3.3,54.7,No,96.1,5.2,5.6,4,Medium,2.56
S0694,5.2,92.6,Yes,96.4,7.7,7.3,9,High,3.2
S0695,5.4,54.7,Yes,56.9,8.9,3.2,8,Medium,2.03
S0696,2.3,56.9,No,97.9,7.8,7.6,6,Low,2.44
S0697,4.4,76.2,Yes,91.7,5.1,7.4,10,Low,2.67
S0698,5.2,96.4,No,71.5,4.3,4.5,9,Medium,2.45
S0699,3.6,97.5,Yes,71.2,4.7,3.8,1,Medium,2.78
S0700,4.9,89.2,No,95.3,4.2,2.7,2,Low,2.91
S0701,4.2,76.6,Yes,68.5,4.5,4.0,7,Medium,2.41
S0702,1.5,89.7,Yes,76.2,4.3,2.6,6,Medium,2.65
S0703,5.2,90.8,Yes,97.5,8.3,3.6,6,Low,3.12
S0704,4.8,65.9,No,76.3,4.1,2.7,3,High,2.47
S0705,1.4,95.5,No,60.6,4.7,4.2,2,Medium,2.25
S0706,1.8,99.9,Yes,80.4,4.1,4.4,8,High,2.88
S0707,2.4,55.4,Yes,68.1,4.1,7.3,2,High,2.28
S0708,5.7,62.6,No,83.3,4.7,5.4,4,High,2.55
S0709,5.7,92.4,No,93.1,6.7,6.3,8,Medium,2.87
S0710,3.3,92.8,Yes,78.6,5.8,4.9,2,High,2.94
S0711,1.7,50.4,Yes,69.8,8.4,3.4,2,Medium,2.24
S0712,5.1,54.1,Yes,72.8,5.4,7.6,3,High,2.43
S0713,2.6,95.9,No,61.2,7.5,3.3,10,Medium,2.19
S0714,4.9,81.7,Yes,79.2,8.7,7.1,6,High,2.81
S0715,1.7,56.2,Yes,77.7,4.7,7.7,9,Medium,2.22
S0716,3.2,53.2,Yes,87.2,4.7,2.7,7,High,2.64
S0717,2.5,73.5,No,52.5,5.7,5.1,4,High,2.0
S0718,1.7,52.5,Yes,62.4,8.4,5.3,9,Medium,2.0
S0719,2.1,69.8,Yes,52.3,7.7,5.8,1,High,2.18
S0720,1.1,91.3,No,94.6,5.0,5.1,2,Low,2.77
S0721,5.1,74.1,No,52.0,6.5,5.2,3,Low,2.0
S0722,4.3,87.4,Yes,84.7,5.2,4.5,7,High,2.94
S0723,3.0,62.3,Yes,96.7,5.1,2.2,4,Medium,2.89
S0724,5.4,85.2,Yes,67.9,8.8,6.5,2,High,2.72
S0725,4.0,69.2,Yes,98.4,8.9,4.3,6,High,3.08
S0726,2.8,87.5,Yes,65.6,7.3,4.8,1,Low,2.45
S0727,5.5,87.7,No,61.0,9.0,5.9,2,Low,2.22
S0728,3.2,56.8,No,97.5,4.9,4.6,1,Low,2.57
S0729,2.8,73.2,Yes,66.5,5.5,2.5,4,Medium,2.38
S0730,2.2,52.0,No,68.7,6.5,2.1,8,Medium,2.0
S0731,5.2,71.2,No,56.1,7.6,4.9,6,Medium,2.0
S0732,4.0,60.7,No,91.9,4.1,2.7,3,Low,2.51
S0733,4.7,73.0,Yes,74.0,4.9,6.1,3,Medium,2.55
S0734,5.3,95.8,Yes,54.3,7.9,3.5,6,Medium,2.41
S0735,4.5,73.2,Yes,93.0,7.7,2.9,10,Low,2.76
S0736,4.6,100.0,Yes,66.5,8.0,5.8,7,Medium,2.62
S0737,2.4,63.0,No,71.5,5.1,6.8,9,Low,2.0
S0738,5.4,95.6,Yes,82.0,5.8,7.5,1,Low,2.88
S0739,3.5,62.5,Yes,63.6,4.7,5.7,5,High,2.26
S0740,3.1,97.0,Yes,77.6,4.9,6.1,8,Medium,2.71
S0741,5.6,77.7,No,91.7,5.7,2.6,3,High,2.94
S0742,4.6,60.1,No,90.6,5.3,2.1,4,Low,2.49
S0743,2.1,51.6,No,83.4,5.9,2.4,1,Medium,2.35
S0744,1.0,62.7,Yes,73.1,6.0,5.3,9,Medium,2.22
S0745,3.3,72.6,No,54.4,4.5,2.8,9,Low,2.0
S0746,5.9,92.3,No,59.3,6.5,6.9,1,High,2.43
S0747,5.8,64.2,No,63.1,8.7,6.4,8,Low,2.0
S0748,3.9,76.6,No,56.1,4.3,4.8,5,High,2.08
S0749,1.6,53.9,No,76.3,8.7,7.3,1,Low,2.07
S0750,1.5,70.4,Yes,82.9,7.9,3.6,3,High,2.77
S0751,4.1,98.2,Yes,86.6,6.6,6.2,3,High,3.15
S0752,4.7,84.6,No,98.5,4.8,5.7,3,Medium,2.96
S0753,1.8,77.7,Yes,80.4,8.6,4.4,7,Medium,2.62
S0754,2.5,96.5,Yes,80.6,4.5,5.6,7,Medium,2.77
S0755,4.9,83.2,No,70.2,5.3,2.1,7,Medium,2.36
S0756,2.1,90.6,No,80.8,4.9,2.9,4,Low,2.51
S0757,4.3,54.2,Yes,83.0,7.9,3.5,1,High,2.74
S0758,5.5,57.7,No,76.0,8.2,5.0,5,Low,2.17
S0759,3.0,57.2,No,84.5,4.7,4.7,4,Medium,2.35
S0760,2.2,52.6,Yes,83.4,4.5,5.6,7,Low,2.28
S0761,3.2,75.8,No,85.8,6.5,3.2,9,High,2.61
S0762,2.6,79.4,No,56.5,6.9,4.1,10,Medium,2.0
S0763,5.6,81.0,No,83.2,4.6,5.8,4,Low,2.52
S0764,4.1,52.0,No,52.8,7.4,5.5,8,Medium,2.0
S0765,4.6,85.1,No,65.7,4.6,2.7,9,Low,2.13
S0766,3.1,64.2,No,92.3,6.4,6.4,7,Low,2.41
S0767,4.4,94.5,Yes,87.5,8.9,3.5,3,High,3.2
S0768,1.5,89.7,Yes,98.3,5.9,6.3,1,Low,3.05
S0769,3.2,98.6,Yes,100.0,8.6,7.9,3,Medium,3.29
S0770,4.5,53.6,No,69.3,4.6,6.9,1,High,2.18
S0771,5.5,51.1,No,88.9,6.0,3.0,9,High,2.49
S0772,3.3,75.6,Yes,53.3,6.9,2.8,6,High,2.23
S0773,5.8,91.7,Yes,84.0,8.6,6.6,1,Medium,3.04
S0774,1.8,57.0,No,63.6,7.3,6.2,5,High,2.0
S0775,5.9,93.4,Yes,67.4,4.8,6.1,6,Medium,2.6
S0776,3.5,72.4,Yes,67.9,7.3,7.5,1,Low,2.33
S0777,3.3,54.3,Yes,68.9,7.3,3.3,4,Medium,2.26
S0778,5.6,86.6,Yes,74.9,5.8,5.1,2,Low,2.67
S0779,3.1,56.2,No,86.8,6.3,2.7,6,Low,2.29
S0780,5.0,87.4,Yes,83.4,4.2,3.3,7,Low,2.74
S0781,6.0,60.0,No,87.6,4.3,5.5,3,Medium,2.53
S0782,5.8,72.1,No,73.4,8.8,5.8,1,Medium,2.44
S0783,3.4,88.4,Yes,60.8,4.4,6.2,8,Medium,2.29
S0784,4.3,88.3,Yes,69.7,8.0,6.4,2,High,2.75
S0785,2.1,80.3,Yes,82.1,5.7,2.0,10,Medium,2.63
S0786,3.6,70.9,Yes,65.9,8.0,5.3,10,Low,2.14
S0787,4.9,75.9,No,87.7,4.8,3.4,6,High,2.74
S0788,5.9,81.6,No,88.3,4.3,4.6,1,High,2.91
S0789,5.2,92.2,Yes,87.8,7.2,6.0,9,High,3.04
S0790,5.3,97.5,Yes,95.2,6.2,4.2,4,Medium,3.26
S0791,3.2,96.2,No,70.6,6.8,3.9,9,Medium,2.4
S0792,5.5,54.5,No,82.1,7.2,4.3,7,High,2.42
S0793,2.1,55.2,No,54.1,8.6,3.6,9,High,2.0
S0794,5.2,51.4,Yes,74.4,6.7,2.7,10,Medium,2.28
S0795,2.9,91.7,No,57.6,9.0,7.1,7,Medium,2.1
S0796,1.7,90.7,No,97.8,6.0,4.2,1,Medium,2.99
S0797,2.2,95.2,No,96.1,7.3,5.8,4,Medium,2.95
S0798,2.5,88.6,No,63.4,8.6,2.4,9,Medium,2.2
S0799,3.5,90.5,Yes,58.2,7.2,5.5,8,Medium,2.3
S0800,1.7,56.7,No,72.4,8.1,4.3,1,Low,2.06
S0801,3.4,59.2,Yes,55.9,6.3,3.0,3,Medium,2.07
S0802,3.2,57.1,No,59.6,6.8,4.7,10,Low,2.0
S0803,3.1,60.5,No,99.6,5.9,7.2,5,High,2.74
S0804,3.4,89.3,Yes,96.0,5.5,3.1,4,High,3.24
S0805,3.4,69.2,No,98.6,5.9,5.6,2,Medium,2.8
S0806,5.9,55.5,Yes,67.3,7.5,5.4,7,Low,2.13
S0807,1.2,63.2,No,76.8,5.8,7.3,10,Low,2.0
S0808,4.9,55.5,No,71.1,8.6,3.4,1,High,2.34
S0809,1.7,85.5,Yes,51.8,8.4,4.2,4,Medium,2.18
S0810,2.6,67.4,No,71.3,6.2,6.5,9,High,2.16
S0811,2.2,63.0,No,50.4,4.1,6.2,7,High,2.0
S0812,2.4,83.7,No,56.6,7.5,2.9,6,Low,2.0
S0813,1.0,58.0,No,82.3,6.0,3.1,2,Medium,2.33
S0814,3.6,87.0,Yes,81.3,8.1,3.4,3,Medium,2.87
S0815,5.7,96.8,No,51.9,6.3,3.6,7,Low,2.05
S0816,1.4,57.8,No,80.7,5.7,6.9,8,Low,2.03
S0817,5.3,93.2,No,96.9,8.4,4.9,4,Medium,3.06
S0818,3.3,98.1,No,88.7,7.7,4.3,10,Medium,2.77
S0819,1.1,93.8,Yes,70.6,4.0,6.6,7,Low,2.38
S0820,3.8,80.3,Yes,94.7,4.8,6.4,7,Low,2.82
S0821,5.0,60.0,Yes,62.2,5.1,5.2,4,Low,2.09
S0822,4.8,94.0,Yes,92.5,4.4,5.1,3,High,3.24
S0823,5.5,99.4,Yes,59.7,5.5,4.9,9,High,2.55
S0824,1.7,61.5,No,64.5,6.4,2.8,9,Low,2.0
S0825,3.3,98.6,Yes,95.0,6.9,2.2,7,High,3.28
S0826,4.2,52.7,Yes,83.5,6.0,7.8,5,Low,2.37
S0827,3.5,50.7,No,86.7,7.7,2.8,4,Medium,2.4
S0828,5.7,63.9,Yes,62.8,4.4,5.0,10,High,2.23
S0829,5.8,94.5,No,91.6,5.3,7.5,2,Medium,2.95
S0830,3.3,56.0,Yes,64.2,6.8,3.6,9,Medium,2.08
S0831,4.1,59.2,No,95.3,4.1,7.8,2,High,2.71
S0832,3.6,93.7,Yes,55.2,7.4,5.0,4,High,2.47
S0833,4.6,63.2,Yes,88.0,6.0,3.8,9,Medium,2.65
S0834,2.6,85.9,Yes,93.5,7.7,7.5,5,High,3.07
S0835,3.6,98.1,Yes,52.6,8.0,6.1,2,High,2.49
S0836,1.8,86.8,No,84.5,5.1,5.9,1,High,2.75
S0837,5.1,87.0,Yes,97.1,4.6,3.7,1,High,3.34
S0838,1.9,97.2,No,82.0,7.8,6.7,1,High,2.83
S0839,2.7,79.6,No,98.9,8.6,5.7,3,Medium,2.9
S0840,3.5,82.8,No,73.5,7.6,6.8,3,High,2.52
S0841,1.0,56.6,Yes,87.9,4.2,7.7,4,High,2.6
S0842,2.3,97.4,Yes,99.7,6.6,4.5,6,Low,3.12
S0843,4.6,84.2,No,64.5,4.7,7.9,4,High,2.32
S0844,3.4,92.5,Yes,71.5,8.7,7.3,2,High,2.79
S0845,3.5,82.0,Yes,61.5,4.1,4.8,9,Low,2.14
S0846,3.2,59.2,Yes,85.3,7.3,5.2,2,Low,2.55
S0847,4.9,62.4,Yes,62.9,6.7,4.0,4,Medium,2.26
S0848,1.4,67.1,Yes,90.4,5.9,6.5,10,Low,2.48
S0849,2.5,65.8,No,87.8,8.1,6.3,7,Medium,2.44
S0850,2.7,81.4,Yes,83.4,4.5,4.2,6,Low,2.62
S0851,1.8,67.6,Yes,63.0,4.8,6.1,3,High,2.29
S0852,5.8,52.2,No,91.5,4.4,7.4,10,Medium,2.36
S0853,5.9,81.4,Yes,65.5,6.2,4.5,2,Low,2.46
S0854,2.3,50.1,Yes,54.2,7.1,5.9,9,High,2.0
S0855,4.3,52.2,Yes,65.8,4.5,3.5,8,High,2.2
S0856,4.2,76.1,No,76.4,8.8,5.5,9,Medium,2.34
S0857,1.8,83.9,No,56.2,6.9,6.1,6,High,2.07
S0858,5.2,93.3,Yes,53.4,7.2,6.5,8,Low,2.17
S0859,2.2,71.2,Yes,66.3,6.7,4.4,3,Low,2.25
S0860,3.1,85.8,Yes,62.3,6.6,3.2,5,Medium,2.42
S0861,1.4,52.9,No,64.6,6.2,3.3,3,Low,2.0
S0862,3.8,80.9,No,55.0,8.5,4.2,2,Medium,2.1
S0863,3.9,91.4,No,77.0,5.2,2.6,6,Medium,2.56
S0864,5.0,68.4,No,71.1,5.2,4.1,5,Low,2.15
S0865,1.7,80.9,Yes,63.8,5.9,8.0,8,Medium,2.22
S0866,3.6,51.6,Yes,64.2,5.5,5.7,2,Low,2.04
S0867,2.5,57.6,Yes,90.5,7.1,6.8,2,Medium,2.69
S0868,5.4,76.7,No,97.7,4.8,2.6,6,Low,2.77
S0869,2.3,74.8,No,99.5,6.9,6.9,7,High,2.83
S0870,1.1,50.0,Yes,66.1,7.6,6.9,4,Medium,2.05
S0871,5.6,57.8,Yes,69.3,7.0,5.8,2,Low,2.27
S0872,5.2,81.8,No,72.4,6.5,6.8,10,Medium,2.29
S0873,5.4,93.4,Yes,58.5,5.6,8.0,8,Medium,2.34
S0874,4.5,50.6,Yes,69.6,6.4,3.3,1,High,2.43
S0875,4.5,60.2,Yes,55.9,5.0,3.8,8,High,2.09
S0876,1.2,99.8,Yes,83.1,7.7,3.0,4,Low,2.85
S0877,2.4,55.9,Yes,73.0,7.2,3.3,2,Medium,2.37
S0878,2.2,81.5,Yes,56.6,7.9,5.7,3,Low,2.15
S0879,4.4,66.6,Yes,55.0,5.3,4.9,7,Low,2.0
S0880,1.8,93.2,Yes,60.7,4.8,3.7,9,Low,2.21
S0881,5.0,78.3,Yes,62.8,5.2,7.2,4,Medium,2.35
S0882,4.8,87.1,No,58.2,5.5,3.8,7,Low,2.04
S0883,1.9,62.2,No,69.1,6.6,4.1,4,High,2.19
S0884,4.2,89.6,Yes,86.2,5.5,4.0,10,High,2.94
S0885,1.4,63.9,No,88.6,4.5,6.5,8,Low,2.24
S0886,5.2,77.9,Yes,96.5,8.9,7.0,9,High,3.07
S0887,3.7,55.2,Yes,91.9,8.3,4.1,1,High,2.9
S0888,2.4,73.7,No,66.1,4.7,3.8,1,High,2.3
S0889,3.0,84.3,No,74.3,8.0,6.4,9,Low,2.22
S0890,2.4,71.6,Yes,62.4,8.1,6.3,10,Medium,2.12
S0891,3.3,67.9,No,71.9,7.8,6.1,8,High,2.24
S0892,3.1,63.3,Yes,51.3,4.2,6.6,7,Low,2.0
S0893,1.6,95.4,No,56.3,6.1,7.0,3,High,2.22
S0894,3.5,52.6,No,57.9,5.5,5.1,4,Medium,2.0
S0895,1.1,67.1,No,54.1,6.5,4.7,1,Medium,2.0
S0896,3.9,90.4,No,60.8,8.2,7.1,10,Medium,2.11
S0897,4.2,93.5,No,70.8,6.8,7.6,2,Low,2.39
S0898,4.3,69.6,No,72.0,4.4,5.2,7,High,2.29
S0899,2.1,83.0,No,63.2,6.0,3.4,3,Low,2.11
S0900,5.6,55.4,No,88.3,7.1,4.1,4,Low,2.42
S0901,4.9,67.6,No,91.5,4.4,2.4,5,Low,2.56
S0902,3.7,65.0,Yes,91.0,6.0,6.8,8,Low,2.58
S0903,5.9,67.0,No,65.2,8.0,2.3,7,Medium,2.16
S0904,4.1,82.8,No,75.8,7.8,3.5,3,Medium,2.53
S0905,2.8,68.2,Yes,63.7,4.6,5.5,3,Low,2.14
S0906,4.6,98.5,Yes,71.0,4.1,5.9,3,Medium,2.74
S0907,2.4,87.7,No,84.9,5.7,6.9,9,Medium,2.52
S0908,1.8,71.1,Yes,93.8,4.9,3.5,4,High,2.96
S0909,5.0,99.5,Yes,55.0,8.3,7.2,10,Low,2.22
S0910,2.0,63.9,No,65.5,5.8,4.5,6,Medium,2.0
S0911,2.0,65.4,Yes,66.8,8.2,4.3,6,Low,2.15
S0912,5.2,83.2,Yes,80.5,6.7,6.0,5,Medium,2.78
S0913,1.4,99.2,No,60.1,7.3,6.9,7,Low,2.07
S0914,2.2,79.0,Yes,68.0,8.1,4.9,2,Low,2.38
S0915,1.6,56.7,Yes,67.2,9.0,3.9,10,High,2.19
S0916,1.7,83.4,No,78.8,7.2,7.9,6,Low,2.29
S0917,4.0,65.7,No,86.5,7.5,7.7,9,Low,2.29
S0918,5.0,80.1,Yes,72.2,4.6,5.2,6,Medium,2.54
S0919,1.1,79.0,No,66.9,7.1,6.2,10,High,2.14
S0920,1.1,68.8,No,97.1,6.2,3.7,7,Low,2.53
S0921,1.2,82.1,No,56.7,6.7,3.9,9,Medium,2.0
S0922,1.3,90.3,Yes,53.7,6.7,5.8,4,Low,2.12
S0923,4.1,69.7,No,89.3,8.9,6.6,9,High,2.62
S0924,2.7,94.8,No,85.8,4.2,3.8,2,Low,2.69
S0925,1.2,92.9,No,94.7,6.5,7.4,8,High,2.85
S0926,5.4,58.7,No,53.6,8.6,3.0,9,Medium,2.0
S0927,5.4,52.0,Yes,58.4,7.9,5.8,8,High,2.08
S0928,5.3,60.5,Yes,85.8,5.2,3.1,9,Medium,2.61
S0929,3.0,61.7,Yes,96.1,7.7,3.2,3,Medium,2.9
S0930,5.5,97.0,Yes,59.1,4.2,2.2,5,High,2.63
S0931,5.2,86.9,No,70.7,8.7,6.0,10,Low,2.24
S0932,1.3,96.0,Yes,70.1,6.8,5.9,1,High,2.76
S0933,5.5,73.0,No,90.3,6.3,5.5,6,Medium,2.66
S0934,4.3,99.4,Yes,84.5,6.4,3.7,6,Medium,3.0
S0935,5.1,58.8,Yes,66.5,5.6,6.9,5,Low,2.12
S0936,3.5,75.3,No,81.7,8.6,6.7,4,High,2.6
S0937,3.4,86.3,Yes,64.3,8.5,6.4,7,Medium,2.4
S0938,3.6,79.6,No,99.4,6.3,6.5,7,High,2.92
S0939,2.9,87.3,Yes,83.1,4.5,4.4,1,Low,2.78
S0940,2.6,85.4,No,77.5,4.1,4.0,4,Medium,2.48
S0941,5.7,56.5,No,85.7,7.9,6.7,6,High,2.51
S0942,2.0,99.3,Yes,61.5,7.1,7.4,1,Low,2.42
S0943,4.8,67.0,Yes,73.5,4.2,3.1,8,High,2.52
S0944,4.6,80.5,No,71.4,8.3,3.7,4,Low,2.32
S0945,5.2,63.7,Yes,55.0,4.9,2.9,9,Low,2.0
S0946,1.5,65.8,Yes,83.9,8.1,7.8,6,Medium,2.53
S0947,3.0,83.3,Yes,69.2,5.5,2.2,9,High,2.55
S0948,2.1,70.2,Yes,70.1,5.3,5.5,9,High,2.36
S0949,5.6,60.4,No,91.6,7.0,2.9,7,Low,2.49
S0950,2.4,73.5,Yes,76.2,7.5,3.7,10,Medium,2.45
S0951,3.0,89.3,Yes,61.9,5.5,7.1,5,Medium,2.37
S0952,2.8,52.3,No,51.4,6.3,7.8,4,High,2.0
S0953,1.2,92.7,No,57.3,8.2,2.0,5,Medium,2.16
S0954,6.0,61.5,No,95.3,4.8,5.5,4,Low,2.59
S0955,1.1,78.5,No,78.7,8.7,2.0,4,High,2.57
S0956,1.7,80.6,Yes,97.0,5.8,4.5,10,High,2.99
S0957,1.8,78.8,No,50.5,7.6,3.9,1,Medium,2.0
S0958,3.8,82.6,Yes,65.9,8.6,3.2,3,Low,2.44
S0959,3.9,91.6,No,66.5,8.2,2.4,8,Medium,2.35
S0960,1.7,50.3,No,79.4,7.2,2.2,7,High,2.24
S0961,5.2,55.1,No,96.4,4.2,6.7,6,Low,2.46
S0962,2.5,78.6,No,52.7,8.9,5.8,2,Medium,2.0
S0963,4.1,67.7,No,57.3,6.2,4.9,3,Low,2.0
S0964,5.1,69.4,No,64.9,7.5,4.2,7,Medium,2.12
S0965,4.5,89.3,Yes,53.2,4.9,3.1,4,Low,2.21
S0966,1.3,53.2,No,67.8,6.5,4.9,7,High,2.0
S0967,4.8,95.1,Yes,98.0,7.4,4.6,1,Medium,3.34
S0968,2.4,60.2,Yes,87.0,5.1,3.0,6,High,2.7
S0969,5.4,68.5,No,93.9,5.7,4.5,3,High,2.85
S0970,4.4,98.4,No,58.1,8.5,3.3,3,Low,2.25
S0971,5.4,69.1,No,84.1,4.1,6.9,3,High,2.61
S0972,3.6,74.0,No,73.9,4.1,4.6,7,High,2.36
S0973,5.8,70.4,Yes,60.1,6.9,6.3,3,Medium,2.29
S0974,3.9,54.5,No,80.2,8.7,2.9,2,High,2.47
S0975,4.9,99.9,No,92.6,8.0,6.2,1,Low,2.97
S0976,6.0,71.7,Yes,83.4,8.4,7.5,5,Medium,2.74
S0977,1.4,79.7,Yes,75.4,6.1,3.4,10,Medium,2.46
S0978,5.4,51.0,Yes,58.7,4.0,7.2,10,Medium,2.0
S0979,3.2,63.0,No,96.0,4.7,2.8,4,Low,2.57
S0980,2.0,69.5,No,73.2,8.1,4.7,7,Medium,2.19
S0981,1.5,52.0,No,72.8,5.2,2.2,9,Low,2.0
S0982,3.0,99.0,No,50.7,7.5,7.4,7,Medium,2.02
S0983,3.2,87.3,No,50.5,6.9,5.7,7,High,2.02
S0984,5.3,73.8,No,89.8,8.6,3.7,1,High,2.9
S0985,2.3,71.7,Yes,63.0,8.5,2.9,9,Low,2.11
S0986,5.4,70.1,No,68.2,8.4,7.7,10,High,2.2
S0987,1.5,74.2,No,57.8,8.5,3.0,2,Low,2.0
S0988,4.5,95.6,Yes,85.6,5.7,3.5,4,Low,2.93
S0989,2.3,93.9,Yes,52.6,8.1,6.0,5,Low,2.15
S0990,3.3,65.6,No,98.6,4.9,3.3,8,Medium,2.67
S0991,3.0,67.2,Yes,56.7,5.9,7.1,1,Medium,2.13
S0992,2.0,64.9,Yes,72.7,6.8,5.0,1,Low,2.34
S0993,2.9,68.1,Yes,56.1,4.2,5.9,1,Medium,2.12
S0994,5.3,52.4,Yes,99.8,7.8,2.8,3,High,3.06
S0995,3.8,99.5,No,57.7,5.8,2.7,7,Low,2.14
S0996,4.8,51.2,No,89.6,8.8,3.2,1,Low,2.47
S0997,2.3,57.9,No,59.0,8.3,4.2,3,Medium,2.0
S0998,4.9,77.6,Yes,51.3,4.8,5.4,10,Low,2.0
S0999,5.9,53.8,Yes,83.2,6.3,4.5,1,High,2.75
S1000,3.4,92.5,No,72.7,4.1,3.9,10,High,2.46
S1001,4.5,64.9,Yes,73.4,7.7,5.2,10,Medium,2.35
S1002,4.5,62.4,Yes,98.8,6.2,4.1,6,High,3.02
S1003,5.1,89.7,Yes,68.1,8.2,4.1,10,Low,2.43
S1004,5.5,65.3,Yes,58.8,5.0,3.2,6,High,2.28
S1005,1.9,75.0,No,90.4,4.8,5.7,4,Low,2.5
S1006,2.0,63.7,Yes,67.3,8.9,2.2,2,Medium,2.36
S1007,4.6,65.2,No,85.3,8.6,6.2,4,Medium,2.51
S1008,3.8,71.5,Yes,81.4,5.7,7.3,4,High,2.72
S1009,3.5,86.5,Yes,90.8,4.8,2.7,7,High,3.05
S1010,2.5,76.9,Yes,66.7,4.7,3.8,6,Medium,2.35
S1011,3.0,72.5,No,64.6,7.4,6.4,9,High,2.1
S1012,3.3,50.3,Yes,89.6,7.6,6.7,9,Low,2.39
S1013,4.7,67.1,Yes,97.8,7.6,2.1,9,High,3.03
S1014,5.7,88.9,No,92.7,6.7,7.7,6,High,2.95
S1015,1.9,50.4,Yes,90.8,5.3,7.1,1,High,2.7
S1016,1.2,58.0,Yes,75.5,8.1,6.2,7,Low,2.17
S1017,2.8,88.1,Yes,83.8,5.8,2.8,3,Medium,2.9
S1018,4.3,86.8,Yes,68.5,5.1,5.1,10,Medium,2.44
S1019,1.7,84.2,Yes,59.4,4.6,6.2,1,Medium,2.31
S1020,3.0,87.3,Yes,74.0,6.9,7.3,5,High,2.7
S1021,2.6,56.4,Yes,79.5,5.3,5.2,3,Low,2.35
S1022,5.7,85.5,Yes,78.8,4.1,2.2,3,Medium,2.85
S1023,3.8,80.0,Yes,86.3,4.2,8.0,5,High,2.86
S1024,5.5,83.2,Yes,53.5,6.1,3.2,2,Medium,2.34
S1025,5.1,87.9,Yes,79.2,7.3,5.8,5,Low,2.7
S1026,3.8,63.4,No,79.8,6.4,6.7,4,High,2.43
S1027,3.0,86.9,Yes,83.7,5.9,6.3,7,High,2.86
S1028,1.5,68.1,No,97.2,5.7,4.2,10,Low,2.46
S1029,1.8,90.3,Yes,64.6,5.7,6.1,1,Low,2.39
S1030,5.6,50.2,No,88.1,4.7,3.0,8,Low,2.27
S1031,5.8,73.7,Yes,74.5,7.2,7.1,9,Low,2.39
S1032,4.8,78.2,Yes,84.5,5.6,2.3,9,Medium,2.76
S1033,5.4,76.0,Yes,89.8,4.8,5.1,3,Medium,2.93
S1034,4.4,56.7,No,62.6,6.3,3.1,9,Low,2.0
S1035,3.2,61.4,No,80.2,7.3,2.7,9,High,2.37
S1036,4.9,63.3,No,91.4,5.5,4.0,5,High,2.7
S1037,1.4,85.8,Yes,91.6,5.4,7.3,5,High,2.98
S1038,4.5,77.7,No,56.8,4.0,3.8,3,Low,2.0
S1039,5.6,61.1,No,98.4,5.1,3.0,10,High,2.75
S1040,4.5,60.8,No,90.6,6.1,4.6,10,Medium,2.45
S1041,5.0,98.3,Yes,90.7,9.0,3.6,4,High,3.3
S1042,1.7,86.0,No,62.5,5.5,2.3,3,Medium,2.22
S1043,5.2,58.7,Yes,83.8,7.9,6.9,3,High,2.73
S1044,3.2,64.8,No,84.5,4.4,7.1,5,Low,2.27
S1045,1.7,72.1,Yes,99.2,5.9,7.0,8,Medium,2.85
S1046,4.5,53.6,Yes,95.5,6.8,5.2,4,High,2.89
S1047,5.7,70.4,Yes,87.5,7.9,6.7,3,Medium,2.84
S1048,1.2,69.1,No,88.1,7.4,6.2,3,Medium,2.51
S1049,3.4,89.7,No,99.2,5.8,2.0,3,Medium,3.05
S1050,2.1,73.8,No,76.6,7.7,5.5,10,High,2.33
S1051,5.1,53.0,Yes,87.4,8.6,2.8,6,Medium,2.66
S1052,1.2,77.2,No,90.5,5.5,3.2,7,Low,2.49
S1053,4.1,63.6,Yes,93.8,8.3,2.2,4,High,3.01
S1054,5.8,72.7,Yes,63.0,6.7,4.6,6,High,2.44
S1055,4.1,63.0,Yes,53.5,6.8,5.6,7,High,2.07
S1056,5.7,65.5,Yes,85.6,7.9,3.5,5,Medium,2.76
S1057,1.7,52.6,Yes,97.0,4.5,7.1,9,Low,2.48
S1058,4.5,78.4,Yes,86.1,6.9,3.8,2,Medium,2.91
S1059,4.2,83.1,Yes,93.4,8.2,7.4,3,Low,2.94
S1060,1.4,89.7,No,66.3,4.5,2.1,10,Low,2.08
S1061,5.2,88.1,Yes,81.1,7.8,3.8,9,High,2.9
S1062,5.5,67.6,No,98.4,4.9,4.5,10,High,2.79
S1063,2.2,93.5,Yes,95.9,4.9,2.8,3,Low,3.07
S1064,3.6,87.6,Yes,80.9,7.5,2.6,4,High,2.96
S1065,4.1,52.7,No,86.5,4.9,4.4,5,Medium,2.36
S1066,1.9,57.7,No,75.6,6.9,3.0,5,High,2.27
S1067,1.3,77.7,No,66.6,6.3,4.5,1,Low,2.12
S1068,1.1,89.1,No,88.0,8.7,3.5,3,Medium,2.76
S1069,3.0,58.4,No,51.5,4.1,3.3,1,Medium,2.0
S1070,4.3,81.1,No,88.7,8.6,7.7,1,Low,2.66
S1071,1.7,65.7,No,65.7,4.8,5.9,6,Low,2.0
S1072,1.1,58.0,No,91.3,8.4,3.4,10,Low,2.27
S1073,3.4,94.2,No,59.6,7.1,4.3,3,High,2.38
S1074,5.3,60.6,Yes,55.7,6.7,5.5,9,High,2.08
S1075,4.9,70.1,Yes,69.3,4.5,3.1,9,High,2.45
S1076,2.8,51.2,No,91.7,8.7,5.6,1,Low,2.41
S1077,5.5,95.3,Yes,87.4,7.7,4.0,1,Medium,3.16
S1078,5.7,93.3,Yes,92.9,5.3,7.2,10,High,3.11
S1079,4.5,90.3,Yes,97.1,8.1,4.4,10,High,3.19
S1080,1.5,80.4,Yes,93.5,4.7,7.7,9,High,2.87
S1081,5.1,73.7,No,92.7,8.5,7.6,1,High,2.9
S1082,4.9,89.0,No,52.8,7.5,4.8,1,Low,2.08
S1083,4.0,83.7,No,50.6,7.1,6.3,1,Medium,2.03
S1084,2.3,75.8,Yes,51.8,8.6,3.9,1,Low,2.07
S1085,4.7,84.1,No,90.4,7.8,2.8,5,Low,2.73
S1086,5.1,59.2,Yes,65.6,6.5,4.1,9,Low,2.08
S1087,1.8,89.1,No,67.2,7.3,2.5,4,Low,2.24
S1088,4.6,59.9,Yes,98.3,6.5,3.3,5,Medium,2.92
S1089,4.9,92.2,Yes,70.2,5.9,2.1,6,Low,2.58
S1090,2.6,95.5,No,83.3,4.5,5.9,2,Medium,2.72
S1091,1.6,78.3,No,80.6,4.9,3.5,7,Low,2.3
S1092,1.4,69.0,No,67.2,8.0,6.4,10,High,2.06
S1093,3.1,98.1,No,50.2,6.5,7.2,5,High,2.14
S1094,1.4,79.6,No,86.2,4.7,2.5,2,Low,2.53
S1095,4.4,80.3,Yes,94.4,7.5,5.3,4,Medium,3.04
S1096,1.7,56.4,Yes,80.4,6.1,3.8,6,High,2.51
S1097,4.1,64.5,No,70.7,7.4,3.5,10,Medium,2.1
S1098,5.7,97.6,No,87.7,4.7,4.9,7,Low,2.73
S1099,4.2,75.7,Yes,51.5,5.1,7.7,10,High,2.05
S1100,5.5,52.2,No,82.5,8.3,6.9,9,Medium,2.24
S1101,4.7,88.8,No,96.9,6.6,8.0,8,Low,2.75
S1102,2.3,62.4,Yes,63.9,6.7,4.4,4,Low,2.09
S1103,5.6,81.7,Yes,93.2,4.1,4.8,3,Low,2.96
S1104,2.7,52.0,Yes,62.4,7.2,6.5,6,Low,2.0
S1105,5.5,55.3,Yes,80.9,8.7,6.1,2,Medium,2.59
S1106,2.4,78.5,No,68.2,8.3,2.2,5,Medium,2.27
S1107,3.3,55.9,No,70.0,4.3,4.0,6,Medium,2.02
S1108,4.0,66.1,No,93.5,6.7,3.6,6,Medium,2.64
S1109,1.7,64.3,Yes,78.7,8.6,3.0,5,Low,2.41
S1110,2.7,87.4,Yes,83.2,5.9,4.1,6,Medium,2.8
S1111,2.4,85.9,No,84.3,4.0,4.7,10,Medium,2.49
S1112,4.8,53.8,No,65.6,8.4,4.5,3,Medium,2.05
S1113,5.0,85.7,Yes,81.7,7.0,4.9,5,Low,2.74
S1114,1.8,90.0,No,88.7,5.0,5.8,4,Low,2.61
S1115,5.8,59.3,No,66.7,7.1,5.4,2,Medium,2.15
S1116,1.2,53.3,Yes,55.7,4.4,2.3,9,Medium,2.0
S1117,5.2,82.0,Yes,78.8,6.4,6.7,5,Low,2.62
S1118,5.4,50.4,Yes,56.3,7.9,4.2,1,Medium,2.09
S1119,2.6,82.3,No,61.9,6.4,5.7,3,Low,2.06
S1120,5.9,66.7,Yes,55.3,6.5,3.2,1,High,2.35
S1121,3.6,64.1,No,89.1,7.6,3.7,8,High,2.59
S1122,2.0,94.1,No,90.6,6.4,7.8,1,Medium,2.84
S1123,3.4,81.7,Yes,63.0,7.6,5.0,2,Medium,2.44
S1124,1.9,90.8,No,78.5,8.8,6.3,4,High,2.65
S1125,4.4,52.9,No,66.7,7.5,5.8,2,High,2.14
S1126,4.0,54.7,Yes,81.2,6.7,2.2,3,Low,2.47
S1127,3.4,64.7,Yes,78.2,4.6,4.0,8,Low,2.34
S1128,2.2,68.2,Yes,59.1,4.2,7.5,3,High,2.2
S1129,3.0,89.8,Yes,97.5,6.7,5.6,8,Medium,3.06
S1130,3.7,95.1,Yes,57.7,8.6,6.5,10,Low,2.2
S1131,1.6,97.6,Yes,90.0,4.6,3.9,6,Low,2.89
S1132,1.1,55.6,No,57.8,8.5,6.0,10,High,2.0
S1133,4.1,51.1,No,92.2,5.0,3.2,8,High,2.52
S1134,5.6,64.1,No,50.6,6.8,3.2,6,High,2.0
S1135,3.3,66.3,Yes,62.7,7.1,7.6,3,Low,2.11
S1136,5.4,62.7,No,54.5,5.6,5.7,7,High,2.0
S1137,4.7,93.2,Yes,84.7,8.1,5.5,6,High,3.05
S1138,1.1,66.8,Yes,99.7,8.4,4.7,1,High,3.09
S1139,1.8,64.5,No,70.2,6.0,7.2,9,Medium,2.0
S1140,1.3,58.8,Yes,81.0,5.0,6.3,10,Medium,2.3
S1141,3.5,60.6,No,89.7,6.9,5.5,10,High,2.49
S1142,5.4,92.0,No,71.4,8.2,5.1,6,Medium,2.5
S1143,5.1,73.0,Yes,84.7,8.6,7.0,4,High,2.88
S1144,1.2,66.9,No,93.7,4.6,7.6,8,High,2.55
S1145,3.7,71.8,No,56.4,6.3,4.5,5,High,2.05
S1146,4.2,52.1,Yes,60.5,7.9,7.6,9,Low,2.0
S1147,2.2,91.3,No,88.1,5.9,5.8,1,Medium,2.79
S1148,5.6,92.1,No,68.6,8.5,5.9,7,Low,2.32
S1149,2.2,57.5,Yes,95.5,7.4,5.1,2,Low,2.71
S1150,2.9,83.1,No,59.2,7.1,7.5,3,High,2.2
S1151,4.4,57.1,Yes,50.1,4.7,7.1,2,High,2.01
S1152,3.4,72.8,Yes,67.9,8.5,2.8,6,Low,2.31
S1153,4.7,77.7,Yes,88.6,4.5,5.7,2,Low,2.81
S1154,2.0,92.3,No,57.4,7.2,6.5,7,High,2.17
S1155,3.0,54.3,No,72.3,7.5,3.4,3,Medium,2.14
S1156,5.3,68.4,Yes,84.4,5.7,7.6,4,Low,2.59
S1157,4.6,93.2,No,65.3,7.2,2.3,2,High,2.57
S1158,1.8,87.8,No,64.2,6.5,7.9,9,Low,2.0
S1159,5.0,64.7,Yes,61.6,5.7,2.7,6,High,2.33
S1160,5.1,62.1,Yes,55.5,5.6,2.4,9,High,2.12
S1161,3.6,86.1,No,89.7,7.9,4.9,3,Medium,2.81
S1162,4.0,66.7,Yes,68.3,4.5,3.1,10,Medium,2.25
S1163,1.0,97.7,Yes,71.5,8.2,2.8,6,Medium,2.66
S1164,4.3,73.9,Yes,61.5,5.4,7.2,10,High,2.24
S1165,2.5,56.7,No,63.4,5.6,7.7,10,Low,2.0
S1166,3.0,73.7,Yes,91.2,6.5,2.1,10,High,2.88
S1167,3.2,66.9,Yes,85.0,4.8,4.7,7,High,2.7
S1168,2.3,93.1,Yes,98.4,5.8,6.9,9,High,3.14
S1169,4.5,55.6,Yes,87.0,6.4,2.3,7,Low,2.52
S1170,4.7,56.2,Yes,72.3,7.9,3.3,3,High,2.52
S1171,3.3,57.7,Yes,95.2,7.5,5.1,4,Low,2.7
S1172,5.6,91.9,Yes,59.1,5.8,6.6,1,Medium,2.51
S1173,5.1,98.3,Yes,69.8,7.0,6.3,3,Medium,2.75
S1174,2.3,60.0,No,60.5,7.9,2.6,8,Low,2.0
S1175,2.2,86.0,No,57.5,4.9,5.2,3,Medium,2.09
S1176,5.8,63.4,Yes,84.0,6.2,2.8,9,Low,2.53
S1177,4.9,93.3,Yes,78.7,6.5,7.4,3,Low,2.75
S1178,3.7,91.3,Yes,87.9,7.8,3.1,9,High,3.03
S1179,4.1,86.3,No,61.0,7.9,3.8,2,High,2.39
S1180,3.6,87.1,No,88.4,8.6,6.9,9,Low,2.55
S1181,5.2,93.3,Yes,54.9,6.7,5.3,6,High,2.45
S1182,2.4,74.0,Yes,76.0,8.4,2.6,4,High,2.7
S1183,4.1,64.6,No,77.7,5.1,5.3,10,Low,2.09
S1184,3.0,51.6,No,50.5,4.3,7.7,5,Low,2.0
S1185,3.8,88.5,No,54.0,4.3,5.2,3,Medium,2.08
S1186,4.1,56.0,No,69.0,4.9,7.9,3,Medium,2.03
S1187,1.9,77.2,Yes,55.1,5.3,2.6,5,High,2.25
S1188,4.1,55.9,No,85.6,7.1,5.1,5,Medium,2.39
S1189,2.3,66.5,No,52.6,6.5,4.3,8,Low,2.0
S1190,3.1,50.3,Yes,98.4,8.8,5.2,9,Medium,2.69
S1191,2.3,61.1,Yes,66.1,5.7,5.3,8,Medium,2.12
S1192,5.7,66.1,No,66.4,4.2,6.2,10,High,2.11
S1193,2.7,73.7,Yes,52.4,4.1,6.2,6,High,2.09
S1194,4.7,75.9,Yes,75.7,5.3,5.9,3,High,2.72
S1195,3.3,85.6,No,54.2,5.3,4.3,7,High,2.09
S1196,5.1,50.7,No,99.2,4.2,4.7,4,High,2.74
S1197,4.3,80.1,Yes,88.5,7.5,3.4,8,High,2.96
S1198,1.9,98.3,Yes,57.5,7.9,7.8,10,Low,2.15
S1199,3.0,67.4,Yes,55.1,6.1,6.2,7,Medium,2.0
S1200,2.9,52.2,Yes,75.4,4.4,4.1,7,Low,2.16
S1201,3.0,84.7,Yes,97.9,8.2,6.1,9,Medium,3.01
S1202,2.2,94.0,Yes,50.1,4.1,2.1,2,High,2.38
S1203,1.1,78.2,Yes,62.7,8.4,2.4,10,Medium,2.22
S1204,4.6,93.6,No,57.4,6.3,3.2,8,High,2.28
S1205,3.6,60.0,No,57.9,4.0,6.9,7,Medium,2.0
S1206,4.2,56.4,Yes,54.6,8.9,7.1,2,Medium,2.02
S1207,4.9,90.1,Yes,58.4,8.5,2.7,10,Medium,2.36
S1208,2.4,52.3,Yes,75.4,6.1,6.8,5,High,2.36
S1209,6.0,51.6,Yes,77.7,6.4,6.5,8,High,2.46
S1210,2.9,73.0,Yes,69.5,7.9,7.0,7,Low,2.24
S1211,1.2,55.1,Yes,82.0,6.9,5.8,9,Low,2.23
S1212,5.8,75.6,No,61.2,5.1,3.5,6,High,2.23
S1213,4.0,96.0,Yes,90.8,8.8,2.4,2,High,3.31
S1214,2.6,96.1,Yes,96.6,8.9,5.7,8,High,3.21
S1215,1.8,78.6,Yes,64.7,6.0,7.8,8,High,2.32
S1216,5.9,93.9,Yes,59.0,5.3,7.0,2,Low,2.4
S1217,4.6,55.8,Yes,96.3,6.2,3.2,4,Low,2.76
S1218,1.3,67.2,No,79.4,4.4,5.9,2,High,2.41
S1219,4.8,72.8,Yes,66.9,7.8,7.0,3,High,2.52
S1220,3.8,76.5,Yes,90.3,8.2,6.3,6,Low,2.75
S1221,5.9,99.9,No,90.4,7.2,2.3,2,Low,2.98
S1222,3.5,81.3,Yes,51.0,6.4,7.5,1,Low,2.07
S1223,1.1,87.0,Yes,54.6,5.5,3.3,8,High,2.24
S1224,3.4,89.0,No,81.3,7.8,6.5,6,Medium,2.58
S1225,5.3,87.4,No,63.6,7.6,4.9,8,Low,2.15
S1226,4.6,99.2,Yes,83.1,5.1,7.9,6,High,3.0
S1227,5.5,66.0,Yes,50.1,7.0,7.8,7,High,2.04
S1228,1.9,50.4,No,75.1,5.4,2.9,4,Medium,2.09
S1229,4.9,90.7,No,78.1,5.8,2.3,3,High,2.78
S1230,5.7,76.1,No,89.5,6.7,7.0,5,High,2.78
S1231,2.5,70.7,No,86.2,6.5,5.9,7,High,2.54
S1232,3.2,85.5,No,86.3,7.0,2.6,10,Medium,2.61
S1233,4.2,99.1,No,73.7,4.1,4.0,6,High,2.65
S1234,2.0,64.4,Yes,98.5,8.6,4.5,7,Medium,2.85
S1235,2.2,92.7,No,77.6,4.1,3.7,7,Medium,2.49
S1236,3.8,77.5,No,99.7,6.3,2.8,9,Low,2.72
S1237,2.2,54.0,No,63.2,6.5,3.5,5,Low,2.0
S1238,5.2,64.3,Yes,87.5,4.7,7.6,9,Low,2.5
S1239,5.3,56.9,No,99.6,8.6,8.0,1,High,2.87
S1240,3.4,88.7,Yes,73.8,7.6,7.7,1,Medium,2.71
S1241,5.9,96.5,Yes,82.4,7.9,6.1,3,Low,2.92
S1242,5.6,89.5,Yes,56.3,4.5,4.4,2,High,2.53
S1243,3.1,60.9,Yes,70.2,8.9,6.6,7,High,2.36
S1244,2.3,97.0,No,82.9,7.3,3.6,4,Low,2.64
S1245,1.1,59.0,Yes,51.6,5.3,2.9,6,Low,2.0
S1246,2.8,64.1,No,56.3,7.9,2.9,4,High,2.01
S1247,1.2,89.0,No,94.2,8.3,3.2,10,Low,2.65
S1248,4.4,97.5,Yes,53.1,5.3,7.8,7,High,2.36
S1249,1.1,69.4,Yes,89.0,5.0,2.7,7,Medium,2.68
S1250,3.5,73.5,No,73.2,7.3,8.0,1,High,2.44
S1251,3.7,90.6,No,92.0,6.4,4.4,9,High,2.88
S1252,5.1,85.3,Yes,80.8,4.5,3.8,9,Medium,2.73
S1253,3.9,58.3,No,62.1,5.3,4.0,2,Medium,2.0
S1254,4.2,65.7,Yes,94.7,4.1,6.9,3,High,2.95
S1255,4.5,81.1,Yes,86.2,6.3,4.9,2,High,3.02
S1256,5.6,97.3,No,62.5,6.0,3.2,6,Low,2.28
S1257,4.3,51.8,Yes,68.3,4.5,7.7,2,Low,2.1
S1258,4.2,97.3,Yes,65.9,5.9,3.3,2,Medium,2.69
S1259,3.4,77.9,Yes,57.3,4.8,6.0,5,Medium,2.19
S1260,2.4,91.4,Yes,75.2,6.7,5.7,10,High,2.67
S1261,4.6,93.5,Yes,70.4,8.0,7.0,10,Low,2.46
S1262,4.9,91.3,Yes,82.7,9.0,6.3,10,High,2.91
S1263,3.3,92.6,No,79.9,7.7,8.0,5,High,2.68
S1264,5.2,97.3,Yes,77.5,8.7,3.4,7,Medium,2.88
S1265,1.6,89.0,Yes,57.2,5.5,4.2,2,Medium,2.33
S1266,2.8,98.7,No,93.4,7.4,7.4,6,Medium,2.88
S1267,4.7,74.4,Yes,93.9,7.9,2.6,6,High,3.08
S1268,1.6,59.4,No,97.4,8.8,3.1,3,Low,2.57
S1269,3.3,60.6,No,87.8,6.2,2.1,7,High,2.55
S1270,2.6,71.8,Yes,79.8,6.2,3.0,6,Low,2.49
S1271,2.7,52.9,No,90.0,7.1,4.9,6,Low,2.29
S1272,3.6,77.2,Yes,77.1,8.0,7.7,7,Low,2.45
S1273,4.3,92.2,No,68.2,6.7,7.5,2,Low,2.33
S1274,2.3,91.6,Yes,70.8,8.7,4.0,4,Medium,2.65
S1275,4.9,95.5,Yes,92.6,5.9,7.0,9,High,3.13
S1276,5.2,89.9,No,90.3,5.7,2.2,10,High,2.88
S1277,1.1,74.1,Yes,66.4,7.2,7.2,5,High,2.37
S1278,1.0,58.0,No,87.1,7.4,7.0,8,Low,2.16
S1279,3.3,61.4,No,61.9,5.3,3.0,6,High,2.04
S1280,1.1,57.3,Yes,93.4,5.9,7.4,3,Medium,2.66
S1281,3.6,83.0,No,89.7,7.7,4.4,3,Medium,2.78
S1282,5.6,51.1,Yes,89.4,4.8,5.1,2,Medium,2.7
S1283,1.4,85.7,No,88.1,5.8,7.7,9,High,2.62
S1284,6.0,55.9,Yes,71.7,8.7,7.9,8,Medium,2.28
S1285,3.4,94.3,No,82.8,4.7,6.0,8,Medium,2.6
S1286,1.9,61.1,Yes,62.6,4.5,5.6,3,High,2.22
S1287,3.4,89.2,Yes,59.9,7.2,5.8,5,Medium,2.38
S1288,1.5,74.4,Yes,60.9,8.9,3.6,10,Medium,2.14
S1289,3.7,83.1,No,65.8,8.7,7.7,3,Low,2.17
S1290,4.9,69.6,No,60.9,8.3,6.1,10,Medium,2.0
S1291,4.4,50.6,Yes,68.8,4.9,3.8,3,Medium,2.25
S1292,5.5,51.6,No,69.0,8.0,7.2,2,Low,2.0
S1293,2.4,98.7,Yes,62.0,5.6,6.5,9,Medium,2.38
S1294,5.6,60.6,No,56.4,8.6,4.4,9,Low,2.0
S1295,1.6,79.1,No,65.1,5.8,4.1,9,High,2.16
S1296,3.5,53.3,Yes,87.9,4.8,2.7,8,Low,2.44
S1297,5.4,74.0,Yes,81.5,8.9,3.2,6,Medium,2.75
S1298,4.5,89.6,No,79.8,4.9,4.6,3,Medium,2.65
S1299,4.5,60.7,Yes,80.5,8.3,7.9,2,High,2.68
S1300,2.8,50.3,No,73.2,6.1,2.3,4,High,2.2
S1301,1.3,55.6,No,97.9,4.8,7.9,3,Low,2.42
S1302,4.0,91.0,Yes,84.0,8.1,7.4,2,High,3.04
S1303,4.0,82.5,No,82.9,4.8,5.7,1,Medium,2.65
S1304,3.6,53.0,Yes,96.4,7.7,3.3,9,Low,2.61
S1305,4.7,79.3,No,80.8,7.6,2.7,5,Low,2.49
S1306,1.1,61.0,No,98.9,6.2,4.5,4,High,2.74
S1307,3.9,54.9,Yes,92.5,7.6,7.5,10,Low,2.48
S1308,2.2,69.8,Yes,74.6,8.9,6.8,2,Medium,2.5
S1309,1.7,69.9,No,91.3,8.9,7.8,9,Medium,2.47
S1310,2.6,74.5,Yes,53.2,8.8,2.3,10,High,2.14
S1311,4.2,90.5,Yes,63.9,6.1,2.2,1,Medium,2.62
S1312,5.8,63.9,No,94.7,4.4,4.8,6,High,2.76
S1313,1.4,54.7,No,99.7,5.3,6.7,6,High,2.62
S1314,3.3,59.3,Yes,59.1,5.8,6.6,2,High,2.19
S1315,5.5,65.8,Yes,55.2,8.1,3.0,5,Medium,2.16
S1316,1.6,99.5,No,80.8,5.7,6.8,4,Low,2.53
S1317,4.4,61.2,No,51.6,6.7,4.3,8,Low,2.0
S1318,3.8,61.8,Yes,87.7,4.0,6.7,8,High,2.67
S1319,4.7,100.0,No,96.3,5.0,6.6,2,High,3.18
S1320,6.0,63.4,Yes,53.4,8.0,7.6,8,Low,2.0
S1321,1.7,53.6,No,57.5,6.4,7.9,6,High,2.0
S1322,3.4,93.7,Yes,52.5,7.8,7.6,8,Low,2.09
S1323,5.1,84.1,Yes,64.1,5.1,3.5,9,Low,2.29
S1324,4.2,90.3,No,52.3,8.1,6.5,4,Medium,2.08
S1325,1.0,82.8,Yes,58.0,4.6,3.2,7,Low,2.08
S1326,5.1,84.5,No,77.6,4.0,3.8,4,High,2.65
S1327,1.1,85.3,Yes,73.2,4.9,7.0,8,Low,2.33
S1328,4.5,90.4,Yes,98.6,7.0,5.7,8,Medium,3.14
S1329,4.2,80.1,No,76.3,4.5,2.2,2,Low,2.42
S1330,5.6,70.6,Yes,91.3,6.0,5.5,6,Medium,2.86
S1331,5.7,58.0,Yes,53.9,6.7,2.9,6,Low,2.0
S1332,3.3,83.5,No,64.5,5.0,2.1,5,High,2.34
S1333,2.0,64.9,Yes,94.4,5.5,4.6,9,Low,2.6
S1334,2.2,88.3,No,59.7,5.9,4.8,10,High,2.13
S1335,4.1,72.2,Yes,82.1,8.5,7.9,5,Medium,2.65
S1336,4.5,69.1,No,89.1,4.6,4.2,10,Medium,2.49
S1337,1.9,51.6,No,87.3,5.7,6.2,4,High,2.4
S1338,5.8,90.1,No,93.3,7.7,5.0,4,Low,2.86
S1339,2.2,62.5,No,72.2,5.1,6.0,7,Medium,2.06
S1340,4.6,59.8,Yes,98.7,8.5,2.6,6,Low,2.84
S1341,3.0,97.8,Yes,87.4,4.6,7.7,10,High,2.95
S1342,3.4,50.1,No,81.2,4.3,5.4,1,High,2.37
S1343,4.1,76.5,No,63.6,5.3,5.0,2,Medium,2.2
S1344,3.9,76.1,No,61.2,7.2,3.2,1,Low,2.11
S1345,4.4,61.3,Yes,69.5,4.8,4.9,1,High,2.49
S1346,4.9,54.3,No,63.1,8.9,2.7,4,Medium,2.02
S1347,1.6,84.1,Yes,71.1,5.1,4.4,1,Low,2.48
S1348,5.2,95.0,No,61.0,7.2,2.5,4,Medium,2.38
S1349,5.7,70.5,No,64.3,9.0,4.0,9,Medium,2.11
S1350,1.5,74.6,No,77.8,4.8,3.4,9,Medium,2.26
S1351,5.5,71.3,Yes,53.8,5.0,6.2,9,Low,2.0
S1352,4.7,51.7,No,77.9,7.3,3.5,3,Medium,2.28
S1353,5.6,56.0,No,57.0,4.5,4.6,2,Medium,2.0
S1354,1.1,68.9,No,78.1,5.9,4.9,1,Medium,2.35
S1355,4.5,70.7,Yes,54.4,8.8,5.0,9,Medium,2.06
S1356,2.5,81.7,No,81.0,6.7,5.6,1,Low,2.48
S1357,4.5,82.3,Yes,98.5,7.8,6.2,2,Medium,3.17
S1358,4.5,57.6,Yes,87.7,7.3,3.0,5,High,2.79
S1359,4.3,87.7,No,98.9,4.5,3.1,7,Low,2.84
S1360,5.4,95.6,No,79.6,5.0,3.1,1,High,2.89
S1361,4.8,81.0,Yes,71.1,5.0,4.7,4,Low,2.48
S1362,2.4,57.6,No,86.4,6.7,2.5,4,Low,2.33
S1363,5.4,77.7,No,50.9,7.7,3.4,4,Low,2.0
S1364,1.5,82.5,No,63.4,8.3,5.9,6,Low,2.01
S1365,1.9,83.7,Yes,72.1,8.5,2.1,5,Low,2.49
S1366,2.3,86.8,Yes,95.8,8.8,4.0,7,High,3.14
S1367,1.7,77.6,No,94.8,6.6,2.8,3,Medium,2.79
S1368,3.4,73.3,Yes,61.9,8.0,6.2,6,High,2.34
S1369,1.2,51.5,No,83.6,5.8,2.1,8,High,2.29
S1370,5.7,71.6,No,98.7,5.0,2.4,1,High,3.06
S1371,3.1,80.8,Yes,59.5,8.0,4.1,8,High,2.35
S1372,4.6,72.4,Yes,76.6,7.3,4.3,1,Low,2.58
S1373,3.0,84.5,Yes,94.8,7.0,6.3,4,Low,2.93
S1374,1.3,98.0,Yes,60.4,6.5,4.8,5,Low,2.32
S1375,1.7,92.9,No,75.1,8.0,5.7,1,Low,2.46
S1376,3.4,76.7,No,79.2,5.9,3.9,1,Low,2.43
S1377,4.4,93.5,Yes,56.1,4.8,2.3,7,Medium,2.36
S1378,2.1,86.2,No,60.6,5.5,3.1,5,Low,2.05
S1379,3.2,89.6,No,58.6,4.8,6.3,9,High,2.14
S1380,1.9,84.5,Yes,75.3,4.1,2.3,5,Medium,2.61
S1381,5.5,80.3,Yes,67.1,8.6,5.8,1,High,2.69
S1382,2.0,59.2,No,55.3,8.5,4.1,10,Medium,2.0
S1383,2.6,62.7,No,71.2,4.2,3.5,9,High,2.14
S1384,4.4,84.5,Yes,89.1,5.6,7.4,1,Medium,2.98
S1385,1.8,79.6,Yes,67.2,5.4,6.6,9,Medium,2.27
S1386,2.2,56.1,Yes,91.7,8.8,2.7,6,High,2.79
S1387,2.5,78.9,Yes,58.1,5.5,5.4,3,High,2.34
S1388,5.9,84.2,No,91.7,5.8,7.8,8,Medium,2.73
S1389,1.5,70.0,No,60.9,4.7,2.4,2,Medium,2.03
S1390,2.1,54.4,Yes,94.5,8.8,2.2,3,Low,2.69
S1391,1.7,57.6,Yes,69.3,7.4,5.8,5,Low,2.1
S1392,3.7,81.2,Yes,54.6,8.1,5.6,8,Low,2.05
S1393,3.4,76.1,No,71.0,7.2,4.4,2,Low,2.25
S1394,3.1,72.1,Yes,95.6,8.6,3.7,3,Medium,3.0
S1395,5.9,89.4,No,91.5,5.3,5.0,7,High,2.94
S1396,1.5,51.7,Yes,95.1,7.7,2.0,1,Medium,2.79
S1397,2.4,80.9,No,62.2,4.2,3.8,9,High,2.13
S1398,5.4,69.3,Yes,89.1,6.7,5.6,4,Low,2.74
S1399,1.8,70.2,Yes,88.0,4.3,4.1,5,High,2.8
S1400,3.3,64.0,No,94.1,4.1,3.2,7,Medium,2.57
S1401,2.7,53.2,No,93.8,7.8,3.5,9,Medium,2.43
S1402,4.0,62.5,No,53.7,5.8,4.4,7,Medium,2.0
S1403,5.0,70.0,No,60.3,6.2,4.0,7,High,2.12
S1404,5.6,55.3,No,81.2,4.9,2.7,8,Low,2.19
S1405,5.9,57.8,No,96.1,4.8,5.9,5,Low,2.54
S1406,2.8,86.1,Yes,76.4,6.9,6.2,7,Low,2.51
S1407,1.2,65.4,No,92.9,7.1,3.5,3,Medium,2.61
S1408,1.2,56.9,Yes,92.2,4.4,5.3,9,Medium,2.53
S1409,2.2,57.7,Yes,69.3,5.1,6.6,8,Medium,2.12
S1410,2.7,82.7,No,66.7,7.0,7.2,6,High,2.28
S1411,5.9,50.3,No,75.7,7.3,3.0,5,High,2.32
S1412,4.4,55.6,No,88.2,4.3,3.0,7,Medium,2.41
S1413,5.4,91.3,No,89.6,7.1,4.5,10,Medium,2.77
S1414,1.9,83.3,Yes,52.3,4.8,4.2,8,Medium,2.06
S1415,4.1,95.6,Yes,85.5,4.1,5.2,5,Low,2.85
S1416,3.1,92.7,No,78.2,5.5,7.6,5,Medium,2.53
S1417,3.4,52.4,Yes,81.8,7.3,6.7,6,Medium,2.41
S1418,1.2,84.7,Yes,79.0,6.1,6.1,4,High,2.75
S1419,2.4,98.0,No,82.0,8.0,3.3,5,Medium,2.72
S1420,2.5,66.2,No,60.0,4.4,6.1,4,Low,2.0
S1421,4.2,80.7,No,78.2,7.3,6.8,9,High,2.49
S1422,5.9,53.5,No,94.2,7.1,3.0,1,Low,2.6
S1423,3.7,94.7,Yes,91.2,7.2,3.9,7,High,3.16
S1424,1.1,61.6,Yes,92.4,4.2,4.2,3,Medium,2.72
S1425,4.3,72.5,No,68.4,8.0,4.7,10,Medium,2.13
S1426,4.1,96.7,No,58.3,5.2,2.8,1,High,2.45
S1427,6.0,51.3,No,54.3,5.3,2.4,3,Low,2.0
S1428,3.8,77.8,No,94.5,8.6,6.4,8,Low,2.61
S1429,2.1,60.9,Yes,67.1,4.6,5.4,8,Low,2.02
S1430,2.9,69.3,Yes,67.0,7.8,4.9,4,Low,2.24
S1431,2.2,53.9,No,90.0,6.2,4.9,7,Low,2.25
S1432,4.9,96.8,Yes,70.9,5.1,7.7,2,High,2.83
S1433,5.2,59.8,Yes,67.9,4.1,4.4,7,Low,2.15
S1434,3.9,75.6,No,73.1,4.3,3.3,10,Medium,2.23
S1435,4.1,65.8,No,57.4,4.3,3.5,6,High,2.0
S1436,4.7,73.4,Yes,64.2,4.4,5.6,8,High,2.36
S1437,4.3,69.4,Yes,54.3,7.4,5.9,10,Medium,2.0
S1438,4.9,77.6,No,88.2,5.4,5.7,9,Low,2.48
S1439,3.5,95.9,No,62.7,7.3,7.6,2,High,2.44
S1440,3.1,85.4,No,90.1,4.1,5.5,10,Medium,2.61
S1441,1.0,64.3,No,62.3,5.0,4.5,8,High,2.0
S1442,1.6,91.2,No,73.2,6.0,4.3,3,Low,2.36
S1443,3.1,98.0,No,90.1,7.2,3.7,10,Medium,2.79
S1444,1.4,87.3,No,52.6,4.1,7.3,9,Low,2.0
S1445,4.0,64.1,Yes,55.8,6.6,6.3,7,Medium,2.01
S1446,5.4,56.5,Yes,66.0,6.7,2.7,7,Medium,2.23
S1447,1.7,89.7,No,66.5,8.7,7.5,3,High,2.39
S1448,1.5,89.0,Yes,92.6,6.7,6.5,3,High,3.1
S1449,1.4,69.3,No,99.8,5.9,5.2,4,High,2.83
S1450,5.4,67.4,No,68.0,5.8,2.9,4,High,2.33
S1451,3.2,93.1,No,72.7,8.4,5.6,9,Low,2.3
S1452,4.2,66.4,No,69.3,7.3,4.5,3,Low,2.12
S1453,2.9,72.8,Yes,74.2,4.8,4.9,4,Low,2.39
S1454,1.8,65.5,Yes,61.3,6.2,6.4,3,Low,2.04
S1455,4.4,88.9,No,55.4,8.8,4.4,7,High,2.21
S1456,5.4,53.7,Yes,85.9,7.1,4.1,5,Medium,2.63
S1457,1.3,81.8,Yes,72.1,4.2,2.6,2,Low,2.46
S1458,1.5,55.4,No,91.0,6.2,2.9,6,Low,2.32
S1459,5.0,71.7,Yes,99.4,7.9,4.2,3,Medium,3.11
S1460,4.2,87.1,Yes,72.5,4.3,6.1,7,Medium,2.56
S1461,1.5,79.3,Yes,66.2,7.8,2.5,2,Low,2.36
S1462,2.5,61.5,No,67.2,8.4,2.6,3,Medium,2.12
S1463,5.0,71.1,No,90.0,6.4,6.7,1,Medium,2.7
S1464,3.6,63.1,No,86.8,7.2,2.5,9,Low,2.33
S1465,5.2,62.3,Yes,71.3,8.0,3.7,1,Low,2.41
S1466,3.9,70.1,Yes,96.8,4.4,5.9,3,Low,2.85
S1467,1.0,60.3,Yes,93.0,6.4,8.0,7,Medium,2.6
S1468,4.1,70.8,Yes,78.8,6.6,2.8,4,High,2.75
S1469,2.3,84.1,No,76.7,6.8,7.0,9,High,2.43
S1470,4.1,76.2,Yes,84.8,6.5,6.5,9,High,2.77
S1471,2.1,61.2,Yes,58.8,8.0,3.0,1,High,2.27
S1472,3.5,61.3,Yes,80.0,7.9,4.3,6,Low,2.41
S1473,3.4,99.1,Yes,80.5,7.2,6.9,3,High,3.01
S1474,2.7,93.2,No,92.7,8.8,4.4,9,Low,2.71
S1475,2.2,56.0,Yes,64.6,4.8,4.3,6,Low,2.0
S1476,4.9,52.8,Yes,93.3,7.5,7.1,10,High,2.71
S1477,1.4,51.6,No,63.2,4.7,5.5,3,Low,2.0
S1478,5.4,62.8,Yes,56.3,8.7,2.8,6,Low,2.04
S1479,3.3,97.8,Yes,84.0,4.8,2.5,5,Medium,2.97
S1480,3.6,73.9,Yes,93.8,4.6,7.8,2,Low,2.81
S1481,5.2,77.1,No,60.1,6.4,4.1,9,Medium,2.05
S1482,2.1,88.1,Yes,78.6,4.7,2.5,8,High,2.77
S1483,1.9,86.1,No,91.6,5.7,6.8,4,Low,2.62
S1484,2.0,62.5,Yes,80.2,6.0,5.5,9,High,2.49
S1485,2.1,59.6,No,64.2,5.3,7.9,10,Medium,2.0
S1486,3.6,83.9,Yes,69.8,5.3,6.2,1,Low,2.48
S1487,4.4,68.0,Yes,84.9,4.8,5.5,1,High,2.86
S1488,1.3,52.0,Yes,58.6,4.1,4.9,10,Medium,2.0
S1489,5.6,97.1,Yes,52.0,4.9,7.4,3,Low,2.26
S1490,2.9,57.1,No,65.2,8.7,2.6,8,High,2.05
S1491,1.1,61.9,No,55.6,7.5,5.4,8,High,2.0
S1492,4.6,61.2,Yes,84.6,8.8,6.8,4,Low,2.55
S1493,2.1,62.1,Yes,72.7,5.0,2.4,9,High,2.37
S1494,5.2,86.0,Yes,78.8,4.0,6.2,6,High,2.82
S1495,4.1,71.1,No,61.0,4.7,7.7,9,Low,2.0
S1496,2.9,84.2,Yes,80.2,7.7,4.5,10,Medium,2.64
S1497,4.0,74.7,Yes,91.6,7.2,5.7,6,High,2.97
S1498,5.6,66.0,No,77.6,5.0,3.2,7,Low,2.24
S1499,1.0,75.9,No,69.9,4.1,2.5,1,High,2.37
S1500,1.9,73.5,No,58.1,5.5,3.0,3,Medium,2.0
S1501,2.5,52.5,Yes,91.5,5.8,2.6,5,Medium,2.65
S1502,1.7,60.4,No,93.0,5.3,6.9,1,Medium,2.54
S1503,4.8,73.4,Yes,55.3,4.8,7.4,3,Low,2.06
S1504,3.6,82.9,Yes,78.8,7.3,3.9,4,High,2.85
S1505,2.5,69.4,No,59.9,5.1,7.0,1,Low,2.0
S1506,3.7,95.7,No,52.8,8.5,6.9,2,Medium,2.17
S1507,4.3,74.8,No,78.4,5.2,5.5,4,Medium,2.43
S1508,2.8,55.9,No,89.3,8.4,3.1,6,High,2.55
S1509,5.7,66.8,No,53.5,7.9,7.8,10,High,2.0
S1510,5.4,91.8,No,52.5,5.0,6.2,9,Medium,2.01
S1511,1.9,62.8,No,88.5,6.9,3.6,3,Medium,2.51
S1512,5.9,90.3,No,91.9,4.5,7.8,6,Low,2.73
S1513,2.2,84.1,Yes,53.8,5.4,7.1,5,Low,2.03
S1514,5.5,82.4,Yes,92.1,4.5,7.2,7,Low,2.83
S1515,5.1,87.7,No,53.9,4.7,7.9,3,Medium,2.08
S1516,3.9,57.0,No,53.9,5.2,4.8,6,High,2.0
S1517,2.3,90.9,Yes,97.7,6.3,7.7,4,Medium,3.1
S1518,4.5,51.5,Yes,74.0,7.9,7.1,2,High,2.46
S1519,5.5,86.1,No,92.7,9.0,7.8,6,High,2.93
S1520,5.6,65.0,No,80.6,9.0,4.6,8,High,2.49
S1521,1.3,58.4,No,59.3,6.9,6.8,1,High,2.0
S1522,1.2,98.7,No,93.2,4.3,7.5,2,Low,2.78
S1523,4.4,96.1,No,96.4,8.2,4.1,9,Low,2.86
S1524,2.9,58.1,No,67.5,7.3,6.6,10,Low,2.0
S1525,3.6,99.7,Yes,88.9,7.5,5.6,2,High,3.23
S1526,3.1,93.9,No,95.0,6.4,2.2,4,Low,2.88
S1527,3.2,95.3,No,76.8,7.7,5.2,9,High,2.6
S1528,4.4,94.5,Yes,58.0,5.7,7.0,3,Medium,2.43
S1529,2.5,62.2,No,50.6,7.8,3.9,1,Low,2.0
S1530,2.4,76.6,No,77.1,8.4,6.4,6,Medium,2.35
S1531,5.2,54.9,Yes,88.8,4.7,3.9,7,Low,2.53
S1532,3.2,94.3,Yes,70.5,5.2,2.2,8,Low,2.51
S1533,4.4,82.1,Yes,74.6,5.4,7.7,9,Medium,2.5
S1534,4.7,99.8,No,86.2,5.4,4.6,6,Medium,2.83
S1535,4.6,77.5,No,91.8,5.4,3.0,3,High,2.9
S1536,5.9,79.0,Yes,64.8,4.5,8.0,7,High,2.45
S1537,5.8,77.4,No,68.8,4.3,7.8,5,High,2.35
S1538,5.1,78.6,No,67.7,4.8,3.3,3,Medium,2.33
S1539,4.7,88.4,Yes,90.1,5.8,5.9,6,Low,2.88
S1540,2.6,99.1,Yes,80.9,6.4,7.1,9,Low,2.66
S1541,3.7,73.0,Yes,57.4,5.3,6.1,10,Low,2.0
S1542,4.1,94.1,Yes,73.3,6.1,5.1,2,Medium,2.77
S1543,4.8,52.5,Yes,74.4,6.8,6.1,10,Medium,2.23
S1544,2.9,75.0,Yes,80.2,6.5,2.2,4,Medium,2.69
S1545,4.6,92.2,Yes,54.5,8.3,5.9,5,Low,2.24
S1546,1.3,85.1,No,55.4,6.4,7.9,7,Medium,2.0
S1547,4.6,80.8,No,70.7,8.9,3.4,9,High,2.42
S1548,4.2,56.0,No,51.1,5.9,7.8,6,Low,2.0
S1549,1.1,70.1,Yes,54.1,7.3,5.9,5,Low,2.0
S1550,5.0,97.3,Yes,72.6,7.5,2.5,1,Medium,2.89
S1551,5.0,87.6,Yes,91.0,7.9,8.0,7,Medium,2.97
S1552,4.4,50.1,Yes,73.6,5.1,6.1,7,Medium,2.22
S1553,1.1,57.0,Yes,61.6,8.3,3.9,3,Medium,2.1
S1554,3.8,78.5,No,77.5,6.5,4.4,2,Medium,2.51
S1555,5.3,68.1,No,55.6,8.2,6.2,4,High,2.06
S1556,3.5,55.8,No,55.1,4.9,3.9,5,Low,2.0
S1557,2.1,51.6,No,62.0,7.6,6.4,3,Medium,2.0
S1558,1.3,91.4,No,88.9,5.4,5.3,7,Medium,2.67
S1559,4.3,60.0,No,96.7,7.3,3.2,3,Low,2.63
S1560,4.5,73.3,Yes,91.4,7.0,2.6,6,Low,2.81
S1561,4.2,95.9,Yes,81.3,9.0,2.8,5,High,3.06
S1562,4.3,65.1,No,50.4,4.6,2.5,7,Low,2.0
S1563,4.9,82.4,Yes,59.8,4.5,2.6,6,Low,2.25
S1564,2.8,83.3,Yes,61.4,5.7,4.7,4,Low,2.25
S1565,4.7,54.1,Yes,78.1,5.8,5.6,10,High,2.42
S1566,2.2,99.6,No,87.7,4.5,2.2,10,High,2.83
S1567,1.5,91.1,No,82.6,5.9,7.1,2,Medium,2.62
S1568,4.8,56.7,No,96.2,7.1,6.4,3,Medium,2.65
S1569,5.4,89.0,No,67.4,6.3,2.8,5,Low,2.32
S1570,3.7,53.6,Yes,55.4,4.0,3.5,2,Low,2.0
S1571,4.8,64.6,Yes,86.1,6.3,2.1,3,High,2.88
S1572,4.1,91.7,No,75.8,4.7,4.8,2,Low,2.49
S1573,5.0,68.3,Yes,81.4,6.9,7.6,3,Medium,2.66
S1574,3.1,77.2,No,65.0,6.4,4.7,8,High,2.2
S1575,3.9,73.1,Yes,75.6,5.1,6.8,6,Medium,2.49
S1576,3.1,55.1,Yes,68.3,6.8,2.4,3,High,2.38
S1577,5.0,97.6,Yes,58.7,4.8,3.9,8,Medium,2.43
S1578,2.8,51.1,No,57.8,4.5,6.7,9,High,2.0
S1579,2.4,98.1,Yes,97.2,8.0,4.1,3,Low,3.16
S1580,3.3,53.0,No,81.0,6.5,7.3,8,Medium,2.14
S1581,5.8,84.2,No,97.9,6.4,3.0,1,High,3.17
S1582,1.9,78.5,No,52.1,5.4,8.0,4,Low,2.0
S1583,5.3,90.5,Yes,96.2,8.2,3.9,5,High,3.31
S1584,1.0,70.6,No,57.5,6.7,2.9,4,High,2.03
S1585,2.0,90.7,Yes,82.1,4.7,7.5,1,High,2.92
S1586,4.0,98.9,Yes,64.4,5.0,4.5,2,Low,2.54
S1587,2.8,60.1,No,65.0,6.4,7.9,2,Medium,2.0
S1588,3.0,84.6,No,53.0,6.5,6.5,4,Medium,2.0
S1589,5.1,84.1,Yes,84.4,5.2,6.8,2,Low,2.79
S1590,1.0,71.7,Yes,77.6,8.3,2.3,6,Medium,2.53
S1591,3.9,79.2,Yes,56.2,6.1,7.0,5,High,2.29
S1592,3.5,73.3,Yes,66.9,7.7,5.5,2,Low,2.33
S1593,2.1,63.1,Yes,85.9,6.1,7.5,9,Low,2.38
S1594,5.4,92.2,No,84.9,8.4,7.8,6,High,2.83
S1595,3.8,88.3,Yes,99.4,5.0,6.9,9,Medium,3.05
S1596,5.4,59.0,No,93.6,5.1,4.6,5,Medium,2.61
S1597,2.5,71.9,No,64.9,4.0,5.8,7,Medium,2.0
S1598,3.0,75.5,Yes,69.6,5.9,2.4,2,Low,2.42
S1599,1.1,94.5,No,66.6,7.9,2.9,4,Low,2.27
S1600,5.2,64.4,No,65.9,5.7,3.9,1,High,2.3
S1601,5.2,83.1,No,95.8,9.0,7.6,10,Medium,2.78
S1602,4.9,50.1,No,50.5,5.4,3.4,6,Medium,2.0
S1603,1.5,55.6,Yes,76.2,8.9,7.9,5,High,2.4
S1604,3.9,79.3,No,77.9,7.3,7.4,9,Low,2.25
S1605,2.2,75.8,Yes,93.3,8.3,4.3,5,Medium,2.91
S1606,1.2,56.9,Yes,54.8,4.2,7.7,5,Low,2.0
S1607,3.2,95.3,No,95.1,6.3,6.5,8,Medium,2.86
S1608,5.3,56.0,No,83.0,7.0,6.4,4,High,2.47
S1609,4.8,95.9,Yes,52.9,5.9,8.0,2,Low,2.26
S1610,4.9,58.7,No,62.9,5.8,2.1,2,High,2.18
S1611,2.6,62.4,Yes,54.6,7.2,3.3,2,Medium,2.08
S1612,4.9,92.0,No,74.5,8.6,6.1,2,Low,2.51
S1613,4.6,99.8,No,79.4,6.6,3.4,3,High,2.88
S1614,5.4,54.4,Yes,71.9,4.9,4.2,7,Medium,2.29
S1615,3.2,78.4,Yes,76.1,7.7,6.2,4,Low,2.51
S1616,5.2,83.4,Yes,90.7,5.5,3.4,4,Medium,3.03
S1617,5.8,66.4,No,99.4,6.0,7.4,4,High,2.9
S1618,1.6,95.4,No,70.2,8.2,5.8,6,Medium,2.38
S1619,1.9,74.5,Yes,60.7,8.4,7.5,9,Medium,2.11
S1620,5.6,55.3,No,66.8,6.9,7.2,4,Medium,2.04
S1621,5.4,78.4,No,80.1,8.5,7.4,9,Low,2.34
S1622,5.9,85.3,Yes,83.7,5.7,7.7,8,Medium,2.79
S1623,5.7,54.5,Yes,91.3,7.8,7.8,6,Medium,2.68
S1624,3.5,51.5,Yes,51.8,6.5,6.3,9,High,2.0
S1625,4.8,52.2,Yes,68.2,7.4,3.2,10,Low,2.06
S1626,2.8,88.4,No,72.4,4.7,5.3,2,Low,2.34
S1627,1.6,94.8,No,51.8,6.7,6.8,4,Low,2.0
S1628,2.8,86.1,No,56.5,7.1,5.7,10,High,2.06
S1629,2.1,53.8,No,69.0,4.7,2.5,9,Low,2.0
S1630,3.5,59.3,Yes,71.0,5.5,4.8,8,Low,2.14
S1631,2.2,54.9,No,55.5,8.9,6.8,4,Medium,2.0
S1632,5.7,89.0,No,95.6,7.8,5.1,3,Medium,3.01
S1633,1.3,83.9,Yes,89.9,5.8,2.4,10,Medium,2.8
S1634,5.3,51.1,No,92.6,7.7,6.1,5,High,2.61
S1635,2.4,67.8,No,51.7,8.9,3.8,7,Low,2.0
S1636,3.1,83.8,Yes,60.1,7.0,7.3,10,High,2.29
S1637,2.9,52.7,Yes,97.1,8.7,3.7,7,High,2.85
S1638,1.0,52.4,No,98.2,7.7,5.5,10,High,2.51
S1639,5.5,76.9,No,86.3,7.1,4.2,6,Medium,2.65
S1640,5.9,50.4,No,92.5,8.5,4.8,2,Medium,2.6
S1641,1.5,82.1,Yes,79.4,7.5,2.6,4,Low,2.61
S1642,1.1,94.8,Yes,91.2,4.5,3.7,2,Medium,3.05
S1643,5.0,66.3,No,58.9,6.4,2.3,5,Medium,2.02
S1644,5.3,60.0,No,97.7,8.8,7.6,5,Medium,2.69
S1645,6.0,58.5,Yes,71.3,5.8,7.6,1,High,2.52
S1646,4.9,71.9,No,68.3,5.5,7.4,2,Low,2.14
S1647,3.5,58.0,No,64.4,7.4,3.0,8,Medium,2.0
S1648,5.9,54.0,Yes,75.8,7.7,3.6,5,Medium,2.46
S1649,1.7,84.0,No,99.8,8.7,2.3,6,High,3.02
S1650,3.8,89.0,No,78.4,6.5,6.5,2,High,2.7
S1651,1.5,99.8,No,75.8,8.9,4.0,8,Medium,2.53
S1652,2.6,54.4,No,77.2,6.0,6.3,3,Medium,2.17
S1653,4.4,50.8,Yes,57.0,5.2,7.9,9,High,2.0
S1654,1.6,62.1,Yes,74.3,6.4,4.9,1,High,2.53
S1655,3.6,59.5,No,86.2,4.7,6.2,8,Low,2.22
S1656,4.0,65.4,Yes,55.3,7.6,2.2,9,Medium,2.04
S1657,2.0,89.3,No,86.9,4.9,5.4,5,High,2.76
S1658,3.3,50.7,No,76.5,5.7,3.3,10,Medium,2.04
S1659,4.1,50.9,No,84.9,5.0,3.8,5,High,2.42
S1660,5.4,88.2,No,89.2,4.6,4.9,3,Medium,2.84
S1661,1.5,63.3,Yes,97.2,8.2,6.3,3,Medium,2.85
S1662,2.7,78.2,Yes,60.9,6.5,6.9,1,High,2.42
S1663,3.3,81.8,No,92.3,4.2,6.3,7,High,2.77
S1664,1.2,52.2,Yes,90.9,5.1,5.0,6,High,2.63
S1665,5.5,82.6,No,56.3,4.1,3.0,6,High,2.19
S1666,5.1,58.1,Yes,80.4,4.9,6.5,10,Medium,2.39
S1667,2.1,68.2,Yes,84.9,4.5,3.3,8,High,2.68
S1668,1.3,60.3,No,66.5,5.1,3.5,8,High,2.01
S1669,5.3,69.6,No,73.7,8.3,2.6,6,Medium,2.35
S1670,1.5,93.0,No,65.4,7.7,3.1,6,Low,2.19
S1671,2.8,80.7,No,99.6,8.8,6.7,8,Low,2.71
S1672,1.7,85.4,No,76.7,4.8,4.8,6,Low,2.29
S1673,3.0,54.2,Yes,56.2,6.2,3.4,4,Medium,2.0
S1674,4.4,58.5,No,79.1,4.1,3.9,5,Medium,2.28
S1675,5.0,74.7,Yes,88.8,4.9,2.7,1,High,3.06
S1676,3.2,90.7,No,69.1,4.8,3.6,6,High,2.46
S1677,3.6,57.0,No,94.1,8.0,2.4,1,Medium,2.68
S1678,4.0,59.3,No,57.9,5.8,4.3,2,Low,2.0
S1679,1.4,69.6,Yes,83.6,7.1,4.3,5,High,2.72
S1680,4.4,73.2,Yes,52.5,5.0,2.4,8,Low,2.0
S1681,2.8,66.1,No,87.6,7.3,2.6,6,Low,2.41
S1682,5.0,95.3,Yes,95.7,8.3,2.7,3,Medium,3.3
S1683,2.9,92.8,Yes,63.3,7.9,5.7,9,High,2.49
S1684,2.7,56.2,No,56.0,5.2,3.0,1,Low,2.0
S1685,2.3,57.7,Yes,65.2,4.5,7.6,9,Medium,2.0
S1686,3.4,61.7,No,88.8,8.2,4.1,5,Low,2.42
S1687,2.7,69.1,No,86.4,8.0,5.3,6,Low,2.38
S1688,4.6,93.2,No,53.8,7.0,3.3,10,Medium,2.07
S1689,5.6,89.5,No,50.8,4.6,4.8,4,Low,2.0
S1690,5.4,64.7,No,93.0,8.4,7.8,8,High,2.68
S1691,1.3,50.3,No,51.4,8.2,5.1,9,High,2.0
S1692,3.2,86.3,No,86.6,6.5,2.5,9,Medium,2.64
S1693,1.2,55.0,No,94.3,5.3,5.0,8,Medium,2.39
S1694,3.9,78.3,No,70.6,8.3,7.7,3,High,2.42
S1695,5.4,92.2,Yes,57.1,8.3,6.8,10,High,2.41
S1696,3.1,95.5,No,85.0,7.9,3.6,8,Low,2.61
S1697,1.6,92.2,Yes,68.0,4.8,6.5,2,Medium,2.54
S1698,5.7,77.0,No,51.1,4.5,6.8,7,Low,2.0
S1699,5.5,54.5,Yes,56.2,6.4,2.1,8,Medium,2.01
S1700,3.4,57.4,Yes,69.1,7.6,2.1,5,Medium,2.3
S1701,5.2,64.4,Yes,95.0,5.9,5.4,8,High,2.92
S1702,5.5,76.5,No,85.6,7.1,3.5,1,Low,2.64
S1703,5.5,70.9,Yes,81.7,8.4,2.0,5,Medium,2.76
S1704,1.9,90.1,Yes,64.1,5.2,7.3,3,Medium,2.42
S1705,4.0,53.5,Yes,96.6,9.0,3.8,6,High,2.9
S1706,5.5,90.0,Yes,68.6,7.7,4.2,1,Medium,2.73
S1707,3.4,86.1,No,70.4,4.3,7.1,2,High,2.47
S1708,1.9,76.5,Yes,70.5,6.2,3.1,3,High,2.59
S1709,2.8,67.9,Yes,97.9,7.8,3.7,1,Medium,3.02
S1710,2.3,53.8,Yes,67.3,6.4,2.9,9,High,2.19
S1711,5.3,53.8,Yes,71.9,7.7,3.2,4,Medium,2.38
S1712,5.4,62.4,No,85.3,5.1,5.2,7,Medium,2.43
S1713,4.0,76.1,No,89.9,6.8,3.3,8,Low,2.54
S1714,4.2,82.4,No,94.1,8.2,2.6,8,Medium,2.81
S1715,4.9,91.3,Yes,92.0,4.1,4.2,4,Medium,3.1
S1716,4.5,59.8,Yes,66.8,5.9,7.9,3,High,2.35
S1717,2.4,52.2,No,61.4,4.5,5.6,1,Medium,2.0
S1718,2.2,62.8,No,78.1,8.4,4.1,9,High,2.3
S1719,1.6,70.4,No,90.9,7.8,4.3,9,Medium,2.5
S1720,2.7,58.5,Yes,71.2,4.2,3.7,2,High,2.44
S1721,4.0,85.6,Yes,70.7,7.8,3.2,3,Medium,2.66
S1722,4.0,66.2,Yes,66.0,4.1,6.3,3,High,2.39
S1723,4.6,53.5,No,67.2,5.2,2.2,4,Low,2.0
S1724,4.0,79.4,Yes,81.1,6.2,3.8,2,Medium,2.8
S1725,4.1,89.4,Yes,73.1,5.6,2.3,2,High,2.86
S1726,2.5,67.5,Yes,84.3,6.3,3.1,8,High,2.69
S1727,5.6,61.5,Yes,54.2,7.0,3.2,1,High,2.27
S1728,3.2,92.4,No,73.0,5.8,6.1,9,Low,2.27
S1729,2.0,70.4,No,99.3,5.4,3.7,7,High,2.81
S1730,3.6,54.2,Yes,73.0,5.0,2.1,1,High,2.51
S1731,2.5,93.0,Yes,56.0,4.3,6.9,7,Medium,2.22
S1732,3.7,59.8,No,87.1,7.1,5.7,10,High,2.44
S1733,3.0,77.1,No,68.4,8.5,5.4,8,Medium,2.17
S1734,3.8,87.6,No,82.3,6.5,7.7,8,Low,2.43
S1735,3.7,64.5,No,90.4,5.8,4.6,10,High,2.55
S1736,5.6,75.8,Yes,72.7,6.9,7.1,2,Low,2.5
S1737,2.1,93.9,Yes,77.2,6.3,3.0,1,Low,2.74
S1738,1.1,70.7,Yes,69.6,4.8,5.0,3,Low,2.24
S1739,1.6,77.4,No,53.1,7.1,3.0,8,Medium,2.0
S1740,5.1,86.2,Yes,90.2,4.7,5.6,1,Low,2.96
S1741,4.3,75.2,No,56.8,6.9,7.1,2,Medium,2.04
S1742,5.5,79.0,No,81.6,8.5,2.5,4,Medium,2.65
S1743,4.5,64.6,No,67.0,6.4,4.5,9,High,2.14
S1744,4.4,71.3,No,93.9,4.7,6.6,8,Medium,2.61
S1745,4.9,59.6,No,90.2,4.2,7.9,1,Medium,2.55
S1746,5.1,88.7,Yes,95.8,7.3,6.2,5,High,3.24
S1747,3.6,83.0,No,89.4,5.1,4.2,2,Medium,2.77
S1748,4.0,86.4,Yes,69.9,5.0,4.7,10,Medium,2.46
S1749,3.9,56.7,No,91.9,6.7,2.3,10,High,2.55
S1750,5.3,74.0,Yes,57.2,8.0,2.8,9,Low,2.1
S1751,1.8,80.2,Yes,74.4,8.9,5.7,2,Medium,2.61
S1752,5.4,72.3,Yes,99.2,7.9,3.2,4,Low,3.02
S1753,3.4,77.7,No,59.9,6.7,3.6,5,Medium,2.09
S1754,2.3,79.9,No,86.3,6.1,4.5,4,High,2.71
S1755,2.4,83.8,Yes,78.2,5.3,2.8,3,Medium,2.73
S1756,1.3,89.9,No,93.0,7.2,3.0,9,Low,2.65
S1757,1.8,73.6,No,90.8,4.4,5.6,6,Low,2.45
S1758,1.3,68.1,Yes,87.1,8.5,2.1,9,Low,2.54
S1759,5.3,87.4,No,86.1,7.8,6.3,8,High,2.78
S1760,1.5,77.9,Yes,73.0,6.5,7.9,7,Medium,2.39
S1761,5.5,76.2,Yes,94.0,7.2,5.9,6,Medium,2.97
S1762,4.0,73.3,No,61.4,8.1,7.2,10,Low,2.0
S1763,2.2,55.0,No,53.0,6.3,3.6,6,Medium,2.0
S1764,4.9,57.8,Yes,82.6,6.5,5.3,9,Low,2.38
S1765,3.5,78.1,No,57.5,7.5,4.8,2,Medium,2.1
S1766,4.2,58.0,No,60.7,4.2,2.5,3,Low,2.0
S1767,2.4,91.7,Yes,57.3,7.3,7.7,5,Low,2.19
S1768,4.7,58.9,No,78.3,8.5,7.2,3,Low,2.21
S1769,2.3,51.6,Yes,85.8,4.1,2.4,1,Low,2.49
S1770,5.9,71.6,No,55.3,6.4,3.2,5,Low,2.0
S1771,1.2,75.4,Yes,79.7,5.5,3.2,4,Medium,2.61
S1772,1.5,69.0,No,78.2,8.3,5.4,1,Medium,2.38
S1773,2.4,70.7,No,53.5,8.9,5.2,4,Low,2.0
S1774,2.8,61.1,No,92.8,5.0,7.6,9,Low,2.31
S1775,3.7,63.6,No,84.6,6.3,7.2,5,Low,2.29
S1776,4.2,78.1,Yes,89.7,5.5,4.3,3,High,3.03
S1777,2.2,98.0,No,52.1,8.7,4.5,2,Medium,2.17
S1778,2.9,53.5,Yes,51.9,8.0,5.2,9,High,2.0
S1779,3.3,90.6,Yes,85.8,7.1,7.3,7,High,2.94
S1780,5.8,99.3,Yes,72.2,5.4,7.5,3,Low,2.69
S1781,3.1,69.4,No,64.7,5.4,6.0,1,Medium,2.12
S1782,4.8,98.2,Yes,80.8,6.3,2.1,4,High,3.09
S1783,5.9,80.2,No,77.7,6.4,7.2,4,High,2.61
S1784,4.3,51.0,Yes,89.2,5.0,7.7,1,Medium,2.64
S1785,3.7,71.9,Yes,82.1,8.2,7.0,1,Medium,2.73
S1786,2.6,73.5,No,70.1,6.7,2.5,9,Medium,2.16
S1787,3.2,84.0,No,81.2,5.7,6.4,7,High,2.58
S1788,3.5,61.9,No,87.2,4.2,7.8,1,Low,2.37
S1789,2.0,99.0,No,91.6,4.4,4.0,6,High,2.95
S1790,2.4,94.7,Yes,53.6,4.2,5.9,3,High,2.38
S1791,3.5,71.7,No,94.7,4.6,4.5,4,Low,2.61
S1792,3.5,93.1,Yes,85.6,5.2,6.8,4,Medium,2.92
S1793,5.5,51.7,Yes,85.1,7.1,7.6,4,Medium,2.56
S1794,3.2,95.0,Yes,54.4,8.3,2.9,6,High,2.45
S1795,3.8,92.4,Yes,57.7,7.7,3.7,9,Medium,2.33
S1796,5.5,54.7,No,97.4,5.5,4.5,4,Low,2.57
S1797,5.8,57.3,Yes,93.1,6.5,3.7,5,High,2.92
S1798,5.6,52.8,No,60.1,5.2,6.8,8,High,2.0
S1799,5.3,65.1,Yes,90.4,5.8,3.9,7,Low,2.68
S1800,3.8,67.9,Yes,66.8,8.7,6.8,8,High,2.35
S1801,5.5,97.4,No,84.1,4.2,6.0,2,Medium,2.83
S1802,3.2,68.5,Yes,97.1,8.3,7.9,10,Medium,2.79
S1803,3.2,53.9,Yes,77.9,8.1,4.9,1,Low,2.38
S1804,2.4,71.1,Yes,98.8,6.6,4.1,9,High,2.98
S1805,4.5,81.3,Yes,78.4,8.7,6.8,6,Medium,2.68
S1806,5.0,55.1,No,86.3,6.9,6.8,3,Low,2.33
S1807,3.6,71.1,No,87.1,8.0,5.5,9,High,2.58
S1808,3.5,95.0,No,63.3,5.7,4.8,7,Medium,2.27
S1809,1.7,55.1,Yes,57.4,5.2,7.4,6,Low,2.0
S1810,3.7,63.3,Yes,77.0,7.8,7.1,7,High,2.52
S1811,4.3,87.0,No,73.3,4.1,5.6,10,Low,2.22
S1812,5.7,82.3,No,50.6,7.1,7.6,1,Low,2.0
S1813,2.0,68.3,No,83.9,6.2,5.2,4,Medium,2.43
S1814,3.0,86.7,No,59.1,5.8,7.2,7,Low,2.0
S1815,5.9,64.7,Yes,80.0,4.8,5.3,5,Medium,2.59
S1816,2.7,75.9,No,56.2,6.9,6.0,4,High,2.06
S1817,3.9,98.0,No,87.1,5.9,2.4,5,Low,2.76
S1818,1.3,79.7,Yes,93.5,6.0,5.6,2,Medium,2.94
S1819,3.5,75.4,Yes,95.1,5.9,7.2,7,High,2.97
S1820,5.7,76.6,No,82.0,4.8,5.7,7,Medium,2.5
S1821,1.0,57.1,Yes,81.0,7.0,5.8,9,High,2.42
S1822,5.4,56.0,No,87.1,6.8,3.6,9,Low,2.3
S1823,4.2,74.1,No,54.4,8.5,2.5,2,Low,2.0
S1824,1.7,83.7,Yes,94.0,5.8,2.1,9,High,3.01
S1825,2.5,77.6,Yes,63.9,5.3,3.9,4,Low,2.24
S1826,4.4,96.4,Yes,81.7,8.0,5.4,3,Medium,2.97
S1827,3.4,60.6,No,71.5,8.0,5.8,3,High,2.27
S1828,1.1,87.2,No,53.5,7.3,5.0,5,Medium,2.0
S1829,1.3,91.5,No,73.5,8.5,7.8,4,Medium,2.41
S1830,1.6,56.7,No,68.0,6.3,5.1,4,Low,2.0
S1831,3.4,51.9,No,89.4,8.1,4.8,1,Low,2.4
S1832,5.0,89.3,Yes,64.5,6.1,7.1,10,Medium,2.39
S1833,4.2,98.2,No,77.4,8.7,5.6,3,High,2.8
S1834,2.1,73.6,No,96.9,8.8,4.6,6,Low,2.64
S1835,3.4,80.0,Yes,91.8,7.6,7.6,8,Medium,2.84
S1836,1.2,56.6,Yes,72.8,6.8,7.3,9,High,2.24
S1837,1.1,76.7,Yes,68.3,5.0,5.9,5,High,2.43
S1838,5.9,59.9,Yes,83.9,8.8,7.7,7,Low,2.49
S1839,3.8,95.6,Yes,83.3,8.9,7.6,10,Medium,2.81
S1840,1.0,65.9,Yes,58.3,5.3,5.3,6,High,2.11
S1841,5.3,81.0,Yes,70.6,6.0,6.2,9,Medium,2.47
S1842,4.1,89.7,Yes,62.0,6.4,2.3,10,Medium,2.39
S1843,2.7,88.8,No,94.1,4.9,7.4,2,Medium,2.85
S1844,5.7,64.8,Yes,78.8,6.8,7.4,1,Low,2.53
S1845,2.5,90.6,Yes,64.2,6.2,2.7,4,Medium,2.51
S1846,3.6,83.7,No,64.9,7.8,8.0,10,High,2.2
S1847,2.8,98.9,No,97.2,6.9,7.9,3,High,3.11
S1848,5.6,70.9,Yes,96.5,7.5,4.9,9,Low,2.83
S1849,2.5,91.3,No,70.5,8.2,6.7,1,Low,2.36
S1850,5.3,97.8,No,75.3,5.1,2.2,1,Medium,2.74
S1851,1.1,60.7,No,85.4,8.1,4.4,6,Medium,2.34
S1852,3.7,83.3,Yes,98.1,6.6,4.5,5,Low,3.0
S1853,6.0,64.0,Yes,60.4,4.9,4.3,9,Medium,2.13
S1854,4.2,74.4,No,98.6,5.8,6.6,7,Medium,2.76
S1855,4.6,74.4,Yes,91.4,7.9,6.4,1,Medium,2.97
S1856,5.6,54.9,No,69.6,5.2,3.7,6,High,2.19
S1857,3.6,62.5,No,90.5,8.0,2.3,9,Medium,2.51
S1858,5.0,76.6,Yes,55.0,6.8,5.5,7,High,2.26
S1859,5.1,58.0,Yes,71.1,8.0,3.2,5,Medium,2.39
S1860,4.3,51.1,No,52.0,5.0,3.8,6,Low,2.0
S1861,1.4,67.4,Yes,56.6,4.2,3.4,8,Low,2.0
S1862,3.8,67.2,No,98.7,8.9,7.2,6,Medium,2.72
S1863,4.7,50.1,Yes,52.8,4.7,6.7,9,High,2.0
S1864,1.3,60.4,Yes,80.6,7.0,3.7,5,High,2.57
S1865,2.3,68.3,Yes,99.9,7.2,3.6,10,Low,2.77
S1866,5.6,80.5,Yes,86.8,5.8,5.4,9,Medium,2.81
S1867,2.0,88.8,No,96.9,6.9,7.0,10,Medium,2.75
S1868,3.9,61.4,No,60.0,7.0,5.0,5,High,2.03
S1869,3.8,55.4,Yes,98.7,5.0,2.5,7,Medium,2.81
S1870,2.0,51.7,Yes,50.5,4.8,7.6,7,High,2.0
S1871,1.4,64.6,Yes,74.5,5.4,4.7,10,Low,2.16
S1872,2.2,61.0,No,52.7,6.9,2.7,6,Low,2.0
S1873,3.9,89.7,Yes,90.9,8.1,4.8,7,Low,2.9
S1874,6.0,86.2,Yes,85.7,7.3,2.6,6,Medium,2.97
S1875,4.1,56.3,Yes,77.3,4.2,3.9,7,High,2.48
S1876,4.9,75.5,No,81.8,4.3,3.5,9,High,2.55
S1877,1.2,70.5,No,91.7,5.3,6.8,2,High,2.69
S1878,3.9,75.5,Yes,85.6,7.5,7.0,9,High,2.77
S1879,1.8,92.0,Yes,94.5,5.0,3.0,2,Low,3.03
S1880,1.4,94.9,No,84.8,7.7,7.3,5,Low,2.55
S1881,5.1,59.4,Yes,50.8,4.1,3.8,4,Medium,2.0
S1882,5.6,84.6,Yes,78.5,8.5,4.9,7,Medium,2.76
S1883,1.9,50.4,No,96.0,6.9,3.7,5,Low,2.39
S1884,5.3,95.1,Yes,78.8,5.2,5.0,4,High,2.98
S1885,3.7,57.5,No,56.0,4.8,4.4,1,High,2.0
S1886,3.4,79.1,No,67.8,6.8,3.9,9,Medium,2.18
S1887,3.2,91.5,Yes,62.4,6.1,5.7,7,Low,2.29
S1888,4.5,78.2,Yes,58.6,7.0,6.6,7,Low,2.12
S1889,1.1,56.4,Yes,76.0,8.9,7.2,7,High,2.36
S1890,2.0,78.6,No,68.0,6.5,7.6,6,High,2.24
S1891,4.2,79.7,No,98.6,7.2,3.8,3,Low,2.85
S1892,2.0,52.8,Yes,54.6,6.5,5.3,2,Medium,2.0
S1893,3.0,68.3,Yes,70.9,6.6,2.2,7,High,2.48
S1894,3.1,94.3,No,53.9,5.4,7.2,10,Medium,2.0
S1895,2.7,78.7,No,58.3,4.5,7.4,8,Medium,2.0
S1896,1.8,73.8,No,85.3,6.7,6.5,10,Low,2.27
S1897,4.3,65.9,Yes,85.0,4.9,4.2,10,Medium,2.57
S1898,4.8,55.6,No,62.7,4.4,6.1,10,Medium,2.0
S1899,5.2,96.7,Yes,87.1,6.5,4.2,2,Low,3.03
S1900,3.1,73.9,Yes,85.3,7.2,4.1,2,Low,2.71
S1901,3.9,85.1,Yes,85.8,5.3,6.1,6,Medium,2.83
S1902,1.9,96.3,Yes,86.1,5.7,5.6,6,Medium,2.9
S1903,2.3,87.0,No,54.5,4.7,3.7,3,Medium,2.06
S1904,2.1,93.1,Yes,57.3,5.1,3.2,7,Low,2.2
S1905,3.1,83.5,No,63.8,8.0,5.1,2,High,2.37
S1906,1.8,64.5,No,81.0,7.8,4.8,1,Low,2.3
S1907,3.7,69.9,No,59.5,5.5,7.6,3,Low,2.0
S1908,5.6,72.2,Yes,52.1,5.9,7.8,7,High,2.13
S1909,3.7,82.3,No,67.2,7.5,7.8,5,Low,2.14
S1910,2.6,56.7,No,97.7,8.4,2.5,6,High,2.73
S1911,3.7,87.7,Yes,78.2,6.9,2.4,7,Low,2.64
S1912,2.1,63.4,No,84.2,9.0,5.6,7,Medium,2.35
S1913,2.8,92.9,No,92.6,6.5,7.9,6,High,2.89
S1914,6.0,62.9,No,98.7,7.1,3.2,2,High,2.97
S1915,3.0,70.0,No,90.2,8.4,3.6,4,High,2.74
S1916,4.6,57.5,No,63.5,7.6,5.7,2,Medium,2.03
S1917,3.9,89.3,Yes,72.0,8.7,5.4,4,Medium,2.68
S1918,2.7,71.2,Yes,73.5,6.1,3.9,7,Medium,2.43
S1919,2.0,93.5,No,95.1,8.2,2.2,10,Low,2.75
S1920,4.7,72.1,Yes,65.5,8.1,7.7,2,Medium,2.4
S1921,5.6,68.8,No,52.7,5.8,5.2,8,Low,2.0
S1922,2.3,96.3,No,84.2,6.0,3.6,5,High,2.82
S1923,2.8,96.5,No,59.6,6.2,5.1,4,Medium,2.25
S1924,3.4,99.7,Yes,98.5,5.5,3.7,5,High,3.37
S1925,3.4,59.6,Yes,51.9,6.0,4.6,3,Medium,2.0
S1926,5.2,75.6,No,77.3,4.9,3.8,4,Medium,2.47
S1927,2.2,75.4,No,90.4,6.5,3.9,6,Low,2.51
S1928,5.4,77.5,Yes,90.0,6.8,6.2,8,High,2.95
S1929,5.5,80.3,No,50.8,7.8,6.9,10,Medium,2.0
S1930,1.4,73.0,No,51.1,5.4,6.6,4,Medium,2.0
S1931,2.3,68.5,Yes,96.7,6.4,5.6,8,High,2.91
S1932,2.2,79.3,Yes,56.3,7.9,4.1,10,High,2.2
S1933,3.5,60.9,Yes,90.2,5.7,7.8,6,Medium,2.64
S1934,5.4,71.4,Yes,86.1,5.4,4.5,10,Medium,2.68
S1935,2.0,83.9,No,93.1,4.3,6.7,6,Low,2.58
S1936,4.3,63.6,No,81.0,5.4,2.3,7,Medium,2.36
S1937,5.0,96.4,Yes,55.9,5.6,3.0,8,High,2.48
S1938,2.9,66.0,Yes,77.1,6.9,5.1,7,High,2.54
S1939,4.7,58.3,Yes,71.4,6.4,7.1,2,Low,2.27
S1940,2.6,61.8,No,83.1,6.1,3.8,9,Medium,2.28
S1941,5.6,51.0,No,96.1,4.4,7.3,5,Medium,2.53
S1942,3.4,91.3,No,78.2,6.9,2.7,6,Low,2.49
S1943,1.2,66.2,No,50.6,8.7,4.2,1,High,2.0
S1944,2.4,85.5,Yes,61.4,4.5,5.1,5,Medium,2.32
S1945,1.0,91.6,Yes,55.4,4.3,2.8,10,Low,2.06
S1946,2.7,94.2,No,59.7,6.4,7.8,9,Medium,2.08
S1947,2.6,52.2,Yes,92.5,5.5,4.6,3,High,2.78
S1948,5.3,77.2,No,82.1,8.6,3.5,9,Low,2.43
S1949,2.5,69.0,No,51.3,7.8,5.9,4,High,2.0
S1950,1.2,76.7,No,77.9,5.0,7.0,3,Medium,2.35
S1951,4.2,94.3,No,74.4,8.6,6.0,1,Medium,2.63
S1952,3.9,60.8,Yes,98.7,8.7,2.8,5,Medium,2.94
S1953,1.2,95.3,Yes,79.4,4.3,7.5,1,High,2.89
S1954,4.8,63.8,Yes,94.2,6.7,5.2,3,Low,2.8
S1955,5.7,76.3,Yes,70.1,8.2,2.8,1,Medium,2.66
S1956,2.5,95.1,No,81.7,7.1,5.3,4,High,2.77
S1957,2.6,74.0,Yes,74.9,6.4,2.1,5,Medium,2.55
S1958,2.7,78.1,Yes,75.5,8.8,6.7,4,Low,2.48
S1959,3.8,65.9,Yes,61.3,8.9,5.7,8,Medium,2.14
S1960,3.7,90.6,No,55.7,4.2,7.0,3,Medium,2.11
S1961,5.2,75.4,No,56.3,6.4,5.6,3,High,2.16
S1962,5.4,99.7,Yes,66.5,7.1,7.4,10,Medium,2.55
S1963,3.1,73.9,No,83.8,7.5,6.7,6,Medium,2.46
S1964,1.8,97.4,Yes,89.3,6.5,6.3,6,Medium,2.96
S1965,1.7,60.3,No,54.6,4.1,3.4,7,High,2.0
S1966,4.5,72.2,Yes,100.0,8.8,6.5,1,High,3.23
S1967,3.0,56.3,No,85.8,8.1,3.1,4,Medium,2.42
S1968,3.6,70.2,Yes,93.1,6.0,2.6,10,Medium,2.79
S1969,4.0,65.4,No,62.6,5.5,6.0,6,Medium,2.0
S1970,5.3,83.5,No,73.9,5.9,5.3,2,High,2.61
S1971,2.6,92.5,Yes,58.2,6.9,4.3,10,High,2.37
S1972,5.3,63.5,No,90.0,6.2,2.9,3,Medium,2.65
S1973,4.0,75.2,No,57.0,7.9,2.6,1,High,2.23
S1974,1.2,89.6,Yes,77.9,6.1,3.9,9,Medium,2.61
S1975,1.1,70.2,No,97.4,8.8,6.9,1,Medium,2.75
S1976,5.7,55.1,No,87.7,4.1,4.9,7,Medium,2.4
S1977,4.7,97.9,Yes,77.2,8.8,6.5,2,High,3.01
S1978,5.5,52.0,No,55.2,4.1,2.4,4,High,2.0
S1979,3.2,80.9,Yes,83.5,7.7,3.0,6,Medium,2.79
S1980,1.7,97.9,No,70.6,8.2,5.7,7,High,2.5
S1981,3.1,89.3,No,74.9,8.7,5.8,7,High,2.54
S1982,2.0,66.3,No,90.4,8.5,6.2,5,Medium,2.52
S1983,3.6,90.2,Yes,83.2,4.2,3.0,3,Low,2.81
S1984,5.9,71.3,Yes,82.4,4.8,7.8,3,Low,2.61
S1985,5.2,59.8,Yes,51.3,7.6,3.0,9,Medium,2.0
S1986,4.2,52.7,No,55.3,6.4,3.8,5,Low,2.0
S1987,1.1,93.6,No,81.3,4.2,4.4,3,High,2.71
S1988,5.5,82.5,Yes,59.3,4.5,7.9,6,High,2.38
S1989,3.7,52.9,No,79.2,4.7,5.9,7,High,2.24
S1990,2.7,84.1,Yes,59.7,8.6,3.3,6,High,2.43
S1991,5.2,50.7,No,54.6,5.6,6.3,5,High,2.0
S1992,4.2,77.8,Yes,83.2,5.1,2.7,4,Low,2.7
S1993,3.7,96.4,Yes,81.4,5.9,7.4,4,High,2.97
S1994,5.7,84.8,No,83.5,7.5,5.2,9,Medium,2.61
S1995,4.9,92.5,Yes,77.5,6.2,4.3,3,Low,2.76
S1996,3.1,60.8,No,71.4,4.6,3.7,7,Medium,2.08
S1997,4.7,56.7,No,51.4,8.2,7.7,10,High,2.0
S1998,5.7,93.8,No,61.1,8.0,6.0,10,High,2.32
S1999,2.3,54.5,Yes,96.1,4.9,3.1,2,Medium,2.8
S2000,2.9,75.1,No,89.4,6.5,3.1,5,High,2.74
